ISO-10303-21;
HEADER;
FILE_DESCRIPTION(('FreeCAD Model'),'2;1');
FILE_NAME('Open CASCADE Shape Model','2026-08-17T21:25:28',('Author'),(
    ''),'Open CASCADE STEP processor 7.8','FreeCAD','Unknown');
FILE_SCHEMA(('AUTOMOTIVE_DESIGN { 1 0 10303 214 1 1 1 1 }'));
ENDSEC;
DATA;
#1 = APPLICATION_PROTOCOL_DEFINITION('international standard',
  'automotive_design',2000,#2);
#2 = APPLICATION_CONTEXT(
  'core data for automotive mechanical design processes');
#3 = SHAPE_DEFINITION_REPRESENTATION(#4,#10);
#4 = PRODUCT_DEFINITION_SHAPE('','',#5);
#5 = PRODUCT_DEFINITION('design','',#6,#9);
#6 = PRODUCT_DEFINITION_FORMATION('','',#7);
#7 = PRODUCT('Project__1_001 (Solid)','Project__1_001 (Solid)','',(#8));
#8 = PRODUCT_CONTEXT('',#2,'mechanical');
#9 = PRODUCT_DEFINITION_CONTEXT('part definition',#2,'design');
#10 = ADVANCED_BREP_SHAPE_REPRESENTATION('',(#11,#15),#4927);
#11 = AXIS2_PLACEMENT_3D('',#12,#13,#14);
#12 = CARTESIAN_POINT('',(0.,0.,0.));
#13 = DIRECTION('',(0.,0.,1.));
#14 = DIRECTION('',(1.,0.,-0.));
#15 = MANIFOLD_SOLID_BREP('',#16);
#16 = CLOSED_SHELL('',(#17,#49,#81,#104,#136,#159,#182,#214,#237,#269,
    #292,#322,#352,#375,#403,#426,#449,#479,#495,#525,#541,#564,#587,
    #619,#642,#672,#688,#711,#734,#764,#780,#808,#824,#854,#875,#891,
    #921,#937,#960,#983,#1006,#1038,#1061,#1084,#1107,#1130,#1153,#1176,
    #1206,#1236,#1252,#1275,#1298,#1321,#1351,#1374,#1395,#1411,#1434,
    #1457,#1473,#1489,#1512,#1535,#1558,#1579,#1600,#1616,#1646,#1667,
    #1678,#1694,#1710,#1733,#1756,#1784,#1807,#1835,#1851,#1867,#1883,
    #1904,#1934,#1966,#1987,#2003,#2026,#2056,#2072,#2088,#2111,#2141,
    #2157,#2173,#2189,#2210,#2233,#2249,#2272,#2302,#2325,#2348,#2369,
    #2385,#2396,#2417,#2440,#2463,#2484,#2514,#2530,#2546,#2567,#2597,
    #2613,#2634,#2657,#2678,#2708,#2724,#2745,#2761,#2777,#2793,#2823,
    #2839,#2855,#2871,#2887,#2903,#2924,#2952,#2968,#2989,#3000,#3011,
    #3027,#3048,#3069,#3092,#3115,#3131,#3147,#3163,#3179,#3195,#3216,
    #3232,#3253,#3264,#3285,#3296,#3312,#3328,#3339,#3350,#3373,#3389,
    #3412,#3438,#3454,#3477,#3500,#3516,#3537,#3548,#3569,#3597,#3625,
    #3648,#3664,#3680,#3696,#3712,#3723,#3739,#3755,#3778,#3794,#3810,
    #3821,#3837,#3853,#3869,#3890,#3901,#3922,#3943,#3954,#3970,#3986,
    #4002,#4013,#4024,#4045,#4056,#4077,#4088,#4104,#4115,#4145,#4161,
    #4172,#4193,#4204,#4220,#4241,#4257,#4273,#4289,#4300,#4311,#4327,
    #4338,#4354,#4370,#4381,#4392,#4408,#4424,#4440,#4456,#4477,#4493,
    #4509,#4520,#4531,#4547,#4563,#4579,#4590,#4606,#4622,#4638,#4654,
    #4670,#4686,#4702,#4713,#4729,#4745,#4761,#4777,#4793,#4809,#4825,
    #4836,#4852,#4868,#4884,#4900,#4916));
#17 = ADVANCED_FACE('',(#18),#44,.T.);
#18 = FACE_BOUND('',#19,.T.);
#19 = EDGE_LOOP('',(#20,#30,#38));
#20 = ORIENTED_EDGE('',*,*,#21,.T.);
#21 = EDGE_CURVE('',#22,#24,#26,.T.);
#22 = VERTEX_POINT('',#23);
#23 = CARTESIAN_POINT('',(13.,10.,0.));
#24 = VERTEX_POINT('',#25);
#25 = CARTESIAN_POINT('',(13.,-5.03200006485,15.477999687195));
#26 = LINE('',#27,#28);
#27 = CARTESIAN_POINT('',(13.,10.,0.));
#28 = VECTOR('',#29,1.);
#29 = DIRECTION('',(0.,-0.696695756672,0.717366728135));
#30 = ORIENTED_EDGE('',*,*,#31,.T.);
#31 = EDGE_CURVE('',#24,#32,#34,.T.);
#32 = VERTEX_POINT('',#33);
#33 = CARTESIAN_POINT('',(13.,-5.133999824524,14.96399974823));
#34 = LINE('',#35,#36);
#35 = CARTESIAN_POINT('',(13.,-5.03200006485,15.477999687195));
#36 = VECTOR('',#37,1.);
#37 = DIRECTION('',(0.,-0.194647562886,-0.980873246787));
#38 = ORIENTED_EDGE('',*,*,#39,.T.);
#39 = EDGE_CURVE('',#32,#22,#40,.T.);
#40 = LINE('',#41,#42);
#41 = CARTESIAN_POINT('',(13.,-5.133999824524,14.96399974823));
#42 = VECTOR('',#43,1.);
#43 = DIRECTION('',(0.,0.711089332122,-0.703101672408));
#44 = PLANE('',#45);
#45 = AXIS2_PLACEMENT_3D('',#46,#47,#48);
#46 = CARTESIAN_POINT('',(13.,2.367578712558,7.703295749533));
#47 = DIRECTION('',(1.,0.,0.));
#48 = DIRECTION('',(-0.,0.,1.));
#49 = ADVANCED_FACE('',(#50),#76,.T.);
#50 = FACE_BOUND('',#51,.T.);
#51 = EDGE_LOOP('',(#52,#62,#70));
#52 = ORIENTED_EDGE('',*,*,#53,.T.);
#53 = EDGE_CURVE('',#54,#56,#58,.T.);
#54 = VERTEX_POINT('',#55);
#55 = CARTESIAN_POINT('',(-19.00300025939,-28.,11.003000259399));
#56 = VERTEX_POINT('',#57);
#57 = CARTESIAN_POINT('',(3.003000020981,-26.,11.003000259399));
#58 = LINE('',#59,#60);
#59 = CARTESIAN_POINT('',(-19.00300025939,-28.,11.003000259399));
#60 = VECTOR('',#61,1.);
#61 = DIRECTION('',(0.995895431958,9.051126231653E-02,0.));
#62 = ORIENTED_EDGE('',*,*,#63,.T.);
#63 = EDGE_CURVE('',#56,#64,#66,.T.);
#64 = VERTEX_POINT('',#65);
#65 = CARTESIAN_POINT('',(3.003000020981,-28.,11.003000259399));
#66 = LINE('',#67,#68);
#67 = CARTESIAN_POINT('',(3.003000020981,-26.,11.003000259399));
#68 = VECTOR('',#69,1.);
#69 = DIRECTION('',(0.,-1.,0.));
#70 = ORIENTED_EDGE('',*,*,#71,.T.);
#71 = EDGE_CURVE('',#64,#54,#72,.T.);
#72 = LINE('',#73,#74);
#73 = CARTESIAN_POINT('',(3.003000020981,-28.,11.003000259399));
#74 = VECTOR('',#75,1.);
#75 = DIRECTION('',(-1.,0.,0.));
#76 = PLANE('',#77);
#77 = AXIS2_PLACEMENT_3D('',#78,#79,#80);
#78 = CARTESIAN_POINT('',(-7.522674468994,-27.47732565021,
    11.003000259399));
#79 = DIRECTION('',(-0.,-0.,-1.));
#80 = DIRECTION('',(-1.,0.,0.));
#81 = ADVANCED_FACE('',(#82),#99,.T.);
#82 = FACE_BOUND('',#83,.T.);
#83 = EDGE_LOOP('',(#84,#92,#93));
#84 = ORIENTED_EDGE('',*,*,#85,.T.);
#85 = EDGE_CURVE('',#86,#56,#88,.T.);
#86 = VERTEX_POINT('',#87);
#87 = CARTESIAN_POINT('',(-19.00300025939,-26.,11.003000259399));
#88 = LINE('',#89,#90);
#89 = CARTESIAN_POINT('',(-19.00300025939,-26.,11.003000259399));
#90 = VECTOR('',#91,1.);
#91 = DIRECTION('',(1.,0.,0.));
#92 = ORIENTED_EDGE('',*,*,#53,.F.);
#93 = ORIENTED_EDGE('',*,*,#94,.T.);
#94 = EDGE_CURVE('',#54,#86,#95,.T.);
#95 = LINE('',#96,#97);
#96 = CARTESIAN_POINT('',(-19.00300025939,-28.,11.003000259399));
#97 = VECTOR('',#98,1.);
#98 = DIRECTION('',(0.,1.,0.));
#99 = PLANE('',#100);
#100 = AXIS2_PLACEMENT_3D('',#101,#102,#103);
#101 = CARTESIAN_POINT('',(-8.477325769424,-26.52267434978,
    11.003000259399));
#102 = DIRECTION('',(-0.,-0.,-1.));
#103 = DIRECTION('',(-1.,0.,0.));
#104 = ADVANCED_FACE('',(#105),#131,.T.);
#105 = FACE_BOUND('',#106,.T.);
#106 = EDGE_LOOP('',(#107,#117,#125));
#107 = ORIENTED_EDGE('',*,*,#108,.T.);
#108 = EDGE_CURVE('',#109,#111,#113,.T.);
#109 = VERTEX_POINT('',#110);
#110 = CARTESIAN_POINT('',(13.,-7.964000225067,19.865999221802));
#111 = VERTEX_POINT('',#112);
#112 = CARTESIAN_POINT('',(13.,-7.46799993515,19.697999954224));
#113 = LINE('',#114,#115);
#114 = CARTESIAN_POINT('',(13.,-7.964000225067,19.865999221802));
#115 = VECTOR('',#116,1.);
#116 = DIRECTION('',(0.,0.947145057571,-0.320805610797));
#117 = ORIENTED_EDGE('',*,*,#118,.T.);
#118 = EDGE_CURVE('',#111,#119,#121,.T.);
#119 = VERTEX_POINT('',#120);
#120 = CARTESIAN_POINT('',(13.,10.,30.));
#121 = LINE('',#122,#123);
#122 = CARTESIAN_POINT('',(13.,-7.46799993515,19.697999954224));
#123 = VECTOR('',#124,1.);
#124 = DIRECTION('',(0.,0.861358156093,0.507998156426));
#125 = ORIENTED_EDGE('',*,*,#126,.T.);
#126 = EDGE_CURVE('',#119,#109,#127,.T.);
#127 = LINE('',#128,#129);
#128 = CARTESIAN_POINT('',(13.,10.,30.));
#129 = VECTOR('',#130,1.);
#130 = DIRECTION('',(0.,-0.870968878148,-0.491338186281));
#131 = PLANE('',#132);
#132 = AXIS2_PLACEMENT_3D('',#133,#134,#135);
#133 = CARTESIAN_POINT('',(13.,1.028995405791,24.82676979198));
#134 = DIRECTION('',(1.,0.,0.));
#135 = DIRECTION('',(-0.,0.,1.));
#136 = ADVANCED_FACE('',(#137),#154,.T.);
#137 = FACE_BOUND('',#138,.T.);
#138 = EDGE_LOOP('',(#139,#147,#148));
#139 = ORIENTED_EDGE('',*,*,#140,.T.);
#140 = EDGE_CURVE('',#141,#86,#143,.T.);
#141 = VERTEX_POINT('',#142);
#142 = CARTESIAN_POINT('',(-19.00300025939,-28.,2.99799990654));
#143 = LINE('',#144,#145);
#144 = CARTESIAN_POINT('',(-19.00300025939,-28.,2.99799990654));
#145 = VECTOR('',#146,1.);
#146 = DIRECTION('',(0.,0.24239302822,0.970178138215));
#147 = ORIENTED_EDGE('',*,*,#94,.F.);
#148 = ORIENTED_EDGE('',*,*,#149,.T.);
#149 = EDGE_CURVE('',#54,#141,#150,.T.);
#150 = LINE('',#151,#152);
#151 = CARTESIAN_POINT('',(-19.00300025939,-28.,11.003000259399));
#152 = VECTOR('',#153,1.);
#153 = DIRECTION('',(0.,0.,-1.));
#154 = PLANE('',#155);
#155 = AXIS2_PLACEMENT_3D('',#156,#157,#158);
#156 = CARTESIAN_POINT('',(-19.00300025939,-27.43848448941,
    7.438984572388));
#157 = DIRECTION('',(1.,0.,0.));
#158 = DIRECTION('',(-0.,0.,1.));
#159 = ADVANCED_FACE('',(#160),#177,.T.);
#160 = FACE_BOUND('',#161,.T.);
#161 = EDGE_LOOP('',(#162,#170,#171));
#162 = ORIENTED_EDGE('',*,*,#163,.T.);
#163 = EDGE_CURVE('',#164,#86,#166,.T.);
#164 = VERTEX_POINT('',#165);
#165 = CARTESIAN_POINT('',(-19.00300025939,-26.,2.99799990654));
#166 = LINE('',#167,#168);
#167 = CARTESIAN_POINT('',(-19.00300025939,-26.,2.99799990654));
#168 = VECTOR('',#169,1.);
#169 = DIRECTION('',(0.,0.,1.));
#170 = ORIENTED_EDGE('',*,*,#140,.F.);
#171 = ORIENTED_EDGE('',*,*,#172,.T.);
#172 = EDGE_CURVE('',#141,#164,#173,.T.);
#173 = LINE('',#174,#175);
#174 = CARTESIAN_POINT('',(-19.00300025939,-28.,2.99799990654));
#175 = VECTOR('',#176,1.);
#176 = DIRECTION('',(0.,1.,0.));
#177 = PLANE('',#178);
#178 = AXIS2_PLACEMENT_3D('',#179,#180,#181);
#179 = CARTESIAN_POINT('',(-19.00300025939,-26.56151551058,
    6.562015593552));
#180 = DIRECTION('',(1.,0.,0.));
#181 = DIRECTION('',(-0.,0.,1.));
#182 = ADVANCED_FACE('',(#183),#209,.T.);
#183 = FACE_BOUND('',#184,.T.);
#184 = EDGE_LOOP('',(#185,#195,#203));
#185 = ORIENTED_EDGE('',*,*,#186,.T.);
#186 = EDGE_CURVE('',#187,#189,#191,.T.);
#187 = VERTEX_POINT('',#188);
#188 = CARTESIAN_POINT('',(11.,-11.8299999237,13.170000076294));
#189 = VERTEX_POINT('',#190);
#190 = CARTESIAN_POINT('',(13.,-11.43700027465,12.824999809265));
#191 = LINE('',#192,#193);
#192 = CARTESIAN_POINT('',(11.,-11.8299999237,13.170000076294));
#193 = VECTOR('',#194,1.);
#194 = DIRECTION('',(0.967474366965,0.19010854334,-0.166889457473));
#195 = ORIENTED_EDGE('',*,*,#196,.T.);
#196 = EDGE_CURVE('',#189,#197,#199,.T.);
#197 = VERTEX_POINT('',#198);
#198 = CARTESIAN_POINT('',(11.,-11.43700027465,12.824999809265));
#199 = LINE('',#200,#201);
#200 = CARTESIAN_POINT('',(13.,-11.43700027465,12.824999809265));
#201 = VECTOR('',#202,1.);
#202 = DIRECTION('',(-1.,0.,0.));
#203 = ORIENTED_EDGE('',*,*,#204,.T.);
#204 = EDGE_CURVE('',#197,#187,#205,.T.);
#205 = LINE('',#206,#207);
#206 = CARTESIAN_POINT('',(11.,-11.43700027465,12.824999809265));
#207 = VECTOR('',#208,1.);
#208 = DIRECTION('',(0.,-0.751509048078,0.659722783187));
#209 = PLANE('',#210);
#210 = AXIS2_PLACEMENT_3D('',#211,#212,#213);
#211 = CARTESIAN_POINT('',(11.886072725905,-11.54788272187,
    12.922339524433));
#212 = DIRECTION('',(0.,0.659722783187,0.751509048078));
#213 = DIRECTION('',(0.,0.751509048078,-0.659722783187));
#214 = ADVANCED_FACE('',(#215),#232,.T.);
#215 = FACE_BOUND('',#216,.T.);
#216 = EDGE_LOOP('',(#217,#225,#226));
#217 = ORIENTED_EDGE('',*,*,#218,.T.);
#218 = EDGE_CURVE('',#219,#189,#221,.T.);
#219 = VERTEX_POINT('',#220);
#220 = CARTESIAN_POINT('',(13.,-11.8299999237,13.170000076294));
#221 = LINE('',#222,#223);
#222 = CARTESIAN_POINT('',(13.,-11.8299999237,13.170000076294));
#223 = VECTOR('',#224,1.);
#224 = DIRECTION('',(0.,0.751509048078,-0.659722783187));
#225 = ORIENTED_EDGE('',*,*,#186,.F.);
#226 = ORIENTED_EDGE('',*,*,#227,.T.);
#227 = EDGE_CURVE('',#187,#219,#228,.T.);
#228 = LINE('',#229,#230);
#229 = CARTESIAN_POINT('',(11.,-11.8299999237,13.170000076294));
#230 = VECTOR('',#231,1.);
#231 = DIRECTION('',(1.,0.,0.));
#232 = PLANE('',#233);
#233 = AXIS2_PLACEMENT_3D('',#234,#235,#236);
#234 = CARTESIAN_POINT('',(12.113927274095,-11.71911747648,
    13.072660361127));
#235 = DIRECTION('',(0.,0.659722783187,0.751509048078));
#236 = DIRECTION('',(0.,0.751509048078,-0.659722783187));
#237 = ADVANCED_FACE('',(#238),#264,.T.);
#238 = FACE_BOUND('',#239,.T.);
#239 = EDGE_LOOP('',(#240,#250,#258));
#240 = ORIENTED_EDGE('',*,*,#241,.T.);
#241 = EDGE_CURVE('',#242,#244,#246,.T.);
#242 = VERTEX_POINT('',#243);
#243 = CARTESIAN_POINT('',(13.,-11.43700027465,19.174999237061));
#244 = VERTEX_POINT('',#245);
#245 = CARTESIAN_POINT('',(11.,-11.00100040435,19.465999603271));
#246 = LINE('',#247,#248);
#247 = CARTESIAN_POINT('',(13.,-11.43700027465,19.174999237061));
#248 = VECTOR('',#249,1.);
#249 = DIRECTION('',(-0.96732688552,0.210877198312,0.140746238966));
#250 = ORIENTED_EDGE('',*,*,#251,.T.);
#251 = EDGE_CURVE('',#244,#252,#254,.T.);
#252 = VERTEX_POINT('',#253);
#253 = CARTESIAN_POINT('',(13.,-11.00100040435,19.465999603271));
#254 = LINE('',#255,#256);
#255 = CARTESIAN_POINT('',(11.,-11.00100040435,19.465999603271));
#256 = VECTOR('',#257,1.);
#257 = DIRECTION('',(1.,0.,0.));
#258 = ORIENTED_EDGE('',*,*,#259,.T.);
#259 = EDGE_CURVE('',#252,#242,#260,.T.);
#260 = LINE('',#261,#262);
#261 = CARTESIAN_POINT('',(13.,-11.00100040435,19.465999603271));
#262 = VECTOR('',#263,1.);
#263 = DIRECTION('',(0.,-0.831756286912,-0.555140954338));
#264 = PLANE('',#265);
#265 = AXIS2_PLACEMENT_3D('',#266,#267,#268);
#266 = CARTESIAN_POINT('',(12.114159611248,-11.12404736514,
    19.383874095701));
#267 = DIRECTION('',(-0.,0.555140954338,-0.831756286912));
#268 = DIRECTION('',(0.,-0.831756286912,-0.555140954338));
#269 = ADVANCED_FACE('',(#270),#287,.T.);
#270 = FACE_BOUND('',#271,.T.);
#271 = EDGE_LOOP('',(#272,#280,#281));
#272 = ORIENTED_EDGE('',*,*,#273,.T.);
#273 = EDGE_CURVE('',#274,#244,#276,.T.);
#274 = VERTEX_POINT('',#275);
#275 = CARTESIAN_POINT('',(11.,-11.43700027465,19.174999237061));
#276 = LINE('',#277,#278);
#277 = CARTESIAN_POINT('',(11.,-11.43700027465,19.174999237061));
#278 = VECTOR('',#279,1.);
#279 = DIRECTION('',(0.,0.831756286912,0.555140954338));
#280 = ORIENTED_EDGE('',*,*,#241,.F.);
#281 = ORIENTED_EDGE('',*,*,#282,.T.);
#282 = EDGE_CURVE('',#242,#274,#283,.T.);
#283 = LINE('',#284,#285);
#284 = CARTESIAN_POINT('',(13.,-11.43700027465,19.174999237061));
#285 = VECTOR('',#286,1.);
#286 = DIRECTION('',(-1.,0.,0.));
#287 = PLANE('',#288);
#288 = AXIS2_PLACEMENT_3D('',#289,#290,#291);
#289 = CARTESIAN_POINT('',(11.885840388752,-11.31395331387,
    19.257124744631));
#290 = DIRECTION('',(-0.,0.555140954338,-0.831756286912));
#291 = DIRECTION('',(0.,-0.831756286912,-0.555140954338));
#292 = ADVANCED_FACE('',(#293),#317,.T.);
#293 = FACE_BOUND('',#294,.T.);
#294 = EDGE_LOOP('',(#295,#303,#311));
#295 = ORIENTED_EDGE('',*,*,#296,.T.);
#296 = EDGE_CURVE('',#297,#252,#299,.T.);
#297 = VERTEX_POINT('',#298);
#298 = CARTESIAN_POINT('',(13.,-28.,30.));
#299 = LINE('',#300,#301);
#300 = CARTESIAN_POINT('',(13.,-28.,30.));
#301 = VECTOR('',#302,1.);
#302 = DIRECTION('',(0.,0.850023136335,-0.526745353749));
#303 = ORIENTED_EDGE('',*,*,#304,.T.);
#304 = EDGE_CURVE('',#252,#305,#307,.T.);
#305 = VERTEX_POINT('',#306);
#306 = CARTESIAN_POINT('',(13.,-10.53199958801,19.697999954224));
#307 = LINE('',#308,#309);
#308 = CARTESIAN_POINT('',(13.,-11.00100040435,19.465999603271));
#309 = VECTOR('',#310,1.);
#310 = DIRECTION('',(0.,0.896330215638,0.443387127164));
#311 = ORIENTED_EDGE('',*,*,#312,.T.);
#312 = EDGE_CURVE('',#305,#297,#313,.T.);
#313 = LINE('',#314,#315);
#314 = CARTESIAN_POINT('',(13.,-10.53199958801,19.697999954224));
#315 = VECTOR('',#316,1.);
#316 = DIRECTION('',(0.,-0.861358162161,0.507998146137));
#317 = PLANE('',#318);
#318 = AXIS2_PLACEMENT_3D('',#319,#320,#321);
#319 = CARTESIAN_POINT('',(13.,-19.27193783819,24.724598057946));
#320 = DIRECTION('',(1.,0.,0.));
#321 = DIRECTION('',(-0.,0.,1.));
#322 = ADVANCED_FACE('',(#323),#347,.T.);
#323 = FACE_BOUND('',#324,.T.);
#324 = EDGE_LOOP('',(#325,#333,#341));
#325 = ORIENTED_EDGE('',*,*,#326,.T.);
#326 = EDGE_CURVE('',#327,#297,#329,.T.);
#327 = VERTEX_POINT('',#328);
#328 = CARTESIAN_POINT('',(13.,-9.522000312805,19.968000411987));
#329 = LINE('',#330,#331);
#330 = CARTESIAN_POINT('',(13.,-9.522000312805,19.968000411987));
#331 = VECTOR('',#332,1.);
#332 = DIRECTION('',(0.,-0.878831784249,0.477131737567));
#333 = ORIENTED_EDGE('',*,*,#334,.T.);
#334 = EDGE_CURVE('',#297,#335,#337,.T.);
#335 = VERTEX_POINT('',#336);
#336 = CARTESIAN_POINT('',(13.,-10.03600025177,19.865999221802));
#337 = LINE('',#338,#339);
#338 = CARTESIAN_POINT('',(13.,-28.,30.));
#339 = VECTOR('',#340,1.);
#340 = DIRECTION('',(0.,0.870968872567,-0.491338196175));
#341 = ORIENTED_EDGE('',*,*,#342,.T.);
#342 = EDGE_CURVE('',#335,#327,#343,.T.);
#343 = LINE('',#344,#345);
#344 = CARTESIAN_POINT('',(13.,-10.03600025177,19.865999221802));
#345 = VECTOR('',#346,1.);
#346 = DIRECTION('',(0.,0.980872725585,0.194650189321));
#347 = PLANE('',#348);
#348 = AXIS2_PLACEMENT_3D('',#349,#350,#351);
#349 = CARTESIAN_POINT('',(13.,-18.77508263092,24.896101431803));
#350 = DIRECTION('',(1.,0.,0.));
#351 = DIRECTION('',(-0.,0.,1.));
#352 = ADVANCED_FACE('',(#353),#370,.T.);
#353 = FACE_BOUND('',#354,.T.);
#354 = EDGE_LOOP('',(#355,#363,#364));
#355 = ORIENTED_EDGE('',*,*,#356,.T.);
#356 = EDGE_CURVE('',#357,#297,#359,.T.);
#357 = VERTEX_POINT('',#358);
#358 = CARTESIAN_POINT('',(13.,-9.,20.003000259399));
#359 = LINE('',#360,#361);
#360 = CARTESIAN_POINT('',(13.,-9.,20.003000259399));
#361 = VECTOR('',#362,1.);
#362 = DIRECTION('',(0.,-0.884975811212,0.465636997638));
#363 = ORIENTED_EDGE('',*,*,#326,.F.);
#364 = ORIENTED_EDGE('',*,*,#365,.T.);
#365 = EDGE_CURVE('',#327,#357,#366,.T.);
#366 = LINE('',#367,#368);
#367 = CARTESIAN_POINT('',(13.,-9.522000312805,19.968000411987));
#368 = VECTOR('',#369,1.);
#369 = DIRECTION('',(0.,0.997759734622,6.689926731661E-02));
#370 = PLANE('',#371);
#371 = AXIS2_PLACEMENT_3D('',#372,#373,#374);
#372 = CARTESIAN_POINT('',(13.,-18.5152052805,24.93194420102));
#373 = DIRECTION('',(1.,0.,0.));
#374 = DIRECTION('',(-0.,0.,1.));
#375 = ADVANCED_FACE('',(#376),#398,.T.);
#376 = FACE_BOUND('',#377,.T.);
#377 = EDGE_LOOP('',(#378,#386,#392));
#378 = ORIENTED_EDGE('',*,*,#379,.T.);
#379 = EDGE_CURVE('',#357,#380,#382,.T.);
#380 = VERTEX_POINT('',#381);
#381 = CARTESIAN_POINT('',(13.,-8.477999687195,19.968000411987));
#382 = LINE('',#383,#384);
#383 = CARTESIAN_POINT('',(13.,-9.,20.003000259399));
#384 = VECTOR('',#385,1.);
#385 = DIRECTION('',(0.,0.997759734622,-6.689926731661E-02));
#386 = ORIENTED_EDGE('',*,*,#387,.T.);
#387 = EDGE_CURVE('',#380,#119,#388,.T.);
#388 = LINE('',#389,#390);
#389 = CARTESIAN_POINT('',(13.,-8.477999687195,19.968000411987));
#390 = VECTOR('',#391,1.);
#391 = DIRECTION('',(0.,0.878831784249,0.477131737567));
#392 = ORIENTED_EDGE('',*,*,#393,.T.);
#393 = EDGE_CURVE('',#119,#357,#394,.T.);
#394 = LINE('',#395,#396);
#395 = CARTESIAN_POINT('',(13.,10.,30.));
#396 = VECTOR('',#397,1.);
#397 = DIRECTION('',(0.,-0.884975811212,-0.465636997638));
#398 = PLANE('',#399);
#399 = AXIS2_PLACEMENT_3D('',#400,#401,#402);
#400 = CARTESIAN_POINT('',(13.,0.515205280508,24.931944201019));
#401 = DIRECTION('',(1.,0.,0.));
#402 = DIRECTION('',(-0.,0.,1.));
#403 = ADVANCED_FACE('',(#404),#421,.T.);
#404 = FACE_BOUND('',#405,.T.);
#405 = EDGE_LOOP('',(#406,#414,#415));
#406 = ORIENTED_EDGE('',*,*,#407,.T.);
#407 = EDGE_CURVE('',#408,#64,#410,.T.);
#408 = VERTEX_POINT('',#409);
#409 = CARTESIAN_POINT('',(3.003000020981,-26.,2.99799990654));
#410 = LINE('',#411,#412);
#411 = CARTESIAN_POINT('',(3.003000020981,-26.,2.99799990654));
#412 = VECTOR('',#413,1.);
#413 = DIRECTION('',(0.,-0.24239302822,0.970178138215));
#414 = ORIENTED_EDGE('',*,*,#63,.F.);
#415 = ORIENTED_EDGE('',*,*,#416,.T.);
#416 = EDGE_CURVE('',#56,#408,#417,.T.);
#417 = LINE('',#418,#419);
#418 = CARTESIAN_POINT('',(3.003000020981,-26.,11.003000259399));
#419 = VECTOR('',#420,1.);
#420 = DIRECTION('',(0.,0.,-1.));
#421 = PLANE('',#422);
#422 = AXIS2_PLACEMENT_3D('',#423,#424,#425);
#423 = CARTESIAN_POINT('',(3.003000020981,-26.56151551058,7.438984572388
    ));
#424 = DIRECTION('',(-1.,-0.,-0.));
#425 = DIRECTION('',(0.,0.,-1.));
#426 = ADVANCED_FACE('',(#427),#444,.T.);
#427 = FACE_BOUND('',#428,.T.);
#428 = EDGE_LOOP('',(#429,#437,#438));
#429 = ORIENTED_EDGE('',*,*,#430,.T.);
#430 = EDGE_CURVE('',#431,#64,#433,.T.);
#431 = VERTEX_POINT('',#432);
#432 = CARTESIAN_POINT('',(3.003000020981,-28.,2.99799990654));
#433 = LINE('',#434,#435);
#434 = CARTESIAN_POINT('',(3.003000020981,-28.,2.99799990654));
#435 = VECTOR('',#436,1.);
#436 = DIRECTION('',(0.,0.,1.));
#437 = ORIENTED_EDGE('',*,*,#407,.F.);
#438 = ORIENTED_EDGE('',*,*,#439,.T.);
#439 = EDGE_CURVE('',#408,#431,#440,.T.);
#440 = LINE('',#441,#442);
#441 = CARTESIAN_POINT('',(3.003000020981,-26.,2.99799990654));
#442 = VECTOR('',#443,1.);
#443 = DIRECTION('',(0.,-1.,0.));
#444 = PLANE('',#445);
#445 = AXIS2_PLACEMENT_3D('',#446,#447,#448);
#446 = CARTESIAN_POINT('',(3.003000020981,-27.43848448941,6.562015593552
    ));
#447 = DIRECTION('',(-1.,-0.,-0.));
#448 = DIRECTION('',(0.,0.,-1.));
#449 = ADVANCED_FACE('',(#450),#474,.T.);
#450 = FACE_BOUND('',#451,.T.);
#451 = EDGE_LOOP('',(#452,#460,#468));
#452 = ORIENTED_EDGE('',*,*,#453,.T.);
#453 = EDGE_CURVE('',#197,#454,#456,.T.);
#454 = VERTEX_POINT('',#455);
#455 = CARTESIAN_POINT('',(13.,-11.00100040435,12.534000396729));
#456 = LINE('',#457,#458);
#457 = CARTESIAN_POINT('',(11.,-11.43700027465,12.824999809265));
#458 = VECTOR('',#459,1.);
#459 = DIRECTION('',(0.967326948319,0.210877212002,-0.140745786846));
#460 = ORIENTED_EDGE('',*,*,#461,.T.);
#461 = EDGE_CURVE('',#454,#462,#464,.T.);
#462 = VERTEX_POINT('',#463);
#463 = CARTESIAN_POINT('',(11.,-11.00100040435,12.534000396729));
#464 = LINE('',#465,#466);
#465 = CARTESIAN_POINT('',(13.,-11.00100040435,12.534000396729));
#466 = VECTOR('',#467,1.);
#467 = DIRECTION('',(-1.,0.,0.));
#468 = ORIENTED_EDGE('',*,*,#469,.T.);
#469 = EDGE_CURVE('',#462,#197,#470,.T.);
#470 = LINE('',#471,#472);
#471 = CARTESIAN_POINT('',(11.,-11.00100040435,12.534000396729));
#472 = VECTOR('',#473,1.);
#473 = DIRECTION('',(0.,-0.831757126969,0.555139695694));
#474 = PLANE('',#475);
#475 = AXIS2_PLACEMENT_3D('',#476,#477,#478);
#476 = CARTESIAN_POINT('',(11.885840487551,-11.12404735141,
    12.616125625996));
#477 = DIRECTION('',(0.,0.555139695694,0.831757126969));
#478 = DIRECTION('',(0.,0.831757126969,-0.555139695694));
#479 = ADVANCED_FACE('',(#480),#490,.T.);
#480 = FACE_BOUND('',#481,.T.);
#481 = EDGE_LOOP('',(#482,#488,#489));
#482 = ORIENTED_EDGE('',*,*,#483,.T.);
#483 = EDGE_CURVE('',#189,#454,#484,.T.);
#484 = LINE('',#485,#486);
#485 = CARTESIAN_POINT('',(13.,-11.43700027465,12.824999809265));
#486 = VECTOR('',#487,1.);
#487 = DIRECTION('',(0.,0.831757126969,-0.555139695694));
#488 = ORIENTED_EDGE('',*,*,#453,.F.);
#489 = ORIENTED_EDGE('',*,*,#196,.F.);
#490 = PLANE('',#491);
#491 = AXIS2_PLACEMENT_3D('',#492,#493,#494);
#492 = CARTESIAN_POINT('',(12.114159512449,-11.31395332759,
    12.742874579998));
#493 = DIRECTION('',(0.,0.555139695694,0.831757126969));
#494 = DIRECTION('',(0.,0.831757126969,-0.555139695694));
#495 = ADVANCED_FACE('',(#496),#520,.T.);
#496 = FACE_BOUND('',#497,.T.);
#497 = EDGE_LOOP('',(#498,#506,#514));
#498 = ORIENTED_EDGE('',*,*,#499,.T.);
#499 = EDGE_CURVE('',#462,#500,#502,.T.);
#500 = VERTEX_POINT('',#501);
#501 = CARTESIAN_POINT('',(13.,-10.53199958801,12.302000045776));
#502 = LINE('',#503,#504);
#503 = CARTESIAN_POINT('',(11.,-11.00100040435,12.534000396729));
#504 = VECTOR('',#505,1.);
#505 = DIRECTION('',(0.96743904968,0.226864852032,-0.112223099525));
#506 = ORIENTED_EDGE('',*,*,#507,.T.);
#507 = EDGE_CURVE('',#500,#508,#510,.T.);
#508 = VERTEX_POINT('',#509);
#509 = CARTESIAN_POINT('',(11.,-10.53199958801,12.302000045776));
#510 = LINE('',#511,#512);
#511 = CARTESIAN_POINT('',(13.,-10.53199958801,12.302000045776));
#512 = VECTOR('',#513,1.);
#513 = DIRECTION('',(-1.,0.,0.));
#514 = ORIENTED_EDGE('',*,*,#515,.T.);
#515 = EDGE_CURVE('',#508,#462,#516,.T.);
#516 = LINE('',#517,#518);
#517 = CARTESIAN_POINT('',(11.,-10.53199958801,12.302000045776));
#518 = VECTOR('',#519,1.);
#519 = DIRECTION('',(0.,-0.896330215638,0.443387127164));
#520 = PLANE('',#521);
#521 = AXIS2_PLACEMENT_3D('',#522,#523,#524);
#522 = CARTESIAN_POINT('',(11.88601703167,-10.6643336176,12.367461640379
    ));
#523 = DIRECTION('',(0.,0.443387127164,0.896330215638));
#524 = DIRECTION('',(0.,0.896330215638,-0.443387127164));
#525 = ADVANCED_FACE('',(#526),#536,.T.);
#526 = FACE_BOUND('',#527,.T.);
#527 = EDGE_LOOP('',(#528,#534,#535));
#528 = ORIENTED_EDGE('',*,*,#529,.T.);
#529 = EDGE_CURVE('',#454,#500,#530,.T.);
#530 = LINE('',#531,#532);
#531 = CARTESIAN_POINT('',(13.,-11.00100040435,12.534000396729));
#532 = VECTOR('',#533,1.);
#533 = DIRECTION('',(0.,0.896330215638,-0.443387127164));
#534 = ORIENTED_EDGE('',*,*,#499,.F.);
#535 = ORIENTED_EDGE('',*,*,#461,.F.);
#536 = PLANE('',#537);
#537 = AXIS2_PLACEMENT_3D('',#538,#539,#540);
#538 = CARTESIAN_POINT('',(12.11398296833,-10.86866637476,
    12.468538802126));
#539 = DIRECTION('',(0.,0.443387127164,0.896330215638));
#540 = DIRECTION('',(0.,0.896330215638,-0.443387127164));
#541 = ADVANCED_FACE('',(#542),#559,.T.);
#542 = FACE_BOUND('',#543,.T.);
#543 = EDGE_LOOP('',(#544,#552,#553));
#544 = ORIENTED_EDGE('',*,*,#545,.T.);
#545 = EDGE_CURVE('',#546,#274,#548,.T.);
#546 = VERTEX_POINT('',#547);
#547 = CARTESIAN_POINT('',(13.,-11.8299999237,18.829999923706));
#548 = LINE('',#549,#550);
#549 = CARTESIAN_POINT('',(13.,-11.8299999237,18.829999923706));
#550 = VECTOR('',#551,1.);
#551 = DIRECTION('',(-0.967474441451,0.190108557977,0.166889008994));
#552 = ORIENTED_EDGE('',*,*,#282,.F.);
#553 = ORIENTED_EDGE('',*,*,#554,.T.);
#554 = EDGE_CURVE('',#242,#546,#555,.T.);
#555 = LINE('',#556,#557);
#556 = CARTESIAN_POINT('',(13.,-11.43700027465,19.174999237061));
#557 = VECTOR('',#558,1.);
#558 = DIRECTION('',(0.,-0.751509952223,-0.659721753249));
#559 = PLANE('',#560);
#560 = AXIS2_PLACEMENT_3D('',#561,#562,#563);
#561 = CARTESIAN_POINT('',(12.113927156595,-11.54788270717,
    19.077659803875));
#562 = DIRECTION('',(-0.,0.659721753249,-0.751509952223));
#563 = DIRECTION('',(0.,-0.751509952223,-0.659721753249));
#564 = ADVANCED_FACE('',(#565),#582,.T.);
#565 = FACE_BOUND('',#566,.T.);
#566 = EDGE_LOOP('',(#567,#575,#576));
#567 = ORIENTED_EDGE('',*,*,#568,.T.);
#568 = EDGE_CURVE('',#569,#274,#571,.T.);
#569 = VERTEX_POINT('',#570);
#570 = CARTESIAN_POINT('',(11.,-11.8299999237,18.829999923706));
#571 = LINE('',#572,#573);
#572 = CARTESIAN_POINT('',(11.,-11.8299999237,18.829999923706));
#573 = VECTOR('',#574,1.);
#574 = DIRECTION('',(0.,0.751509952223,0.659721753249));
#575 = ORIENTED_EDGE('',*,*,#545,.F.);
#576 = ORIENTED_EDGE('',*,*,#577,.T.);
#577 = EDGE_CURVE('',#546,#569,#578,.T.);
#578 = LINE('',#579,#580);
#579 = CARTESIAN_POINT('',(13.,-11.8299999237,18.829999923706));
#580 = VECTOR('',#581,1.);
#581 = DIRECTION('',(-1.,0.,0.));
#582 = PLANE('',#583);
#583 = AXIS2_PLACEMENT_3D('',#584,#585,#586);
#584 = CARTESIAN_POINT('',(11.886072843405,-11.71911749119,
    18.927339356892));
#585 = DIRECTION('',(-0.,0.659721753249,-0.751509952223));
#586 = DIRECTION('',(0.,-0.751509952223,-0.659721753249));
#587 = ADVANCED_FACE('',(#588),#614,.T.);
#588 = FACE_BOUND('',#589,.T.);
#589 = EDGE_LOOP('',(#590,#600,#608));
#590 = ORIENTED_EDGE('',*,*,#591,.T.);
#591 = EDGE_CURVE('',#592,#594,#596,.T.);
#592 = VERTEX_POINT('',#593);
#593 = CARTESIAN_POINT('',(-67.,8.,2.));
#594 = VERTEX_POINT('',#595);
#595 = CARTESIAN_POINT('',(-67.,-26.,2.));
#596 = LINE('',#597,#598);
#597 = CARTESIAN_POINT('',(-67.,8.,2.));
#598 = VECTOR('',#599,1.);
#599 = DIRECTION('',(0.,-1.,0.));
#600 = ORIENTED_EDGE('',*,*,#601,.T.);
#601 = EDGE_CURVE('',#594,#602,#604,.T.);
#602 = VERTEX_POINT('',#603);
#603 = CARTESIAN_POINT('',(11.,8.,2.));
#604 = LINE('',#605,#606);
#605 = CARTESIAN_POINT('',(-67.,-26.,2.));
#606 = VECTOR('',#607,1.);
#607 = DIRECTION('',(0.916695964708,0.399585420514,0.));
#608 = ORIENTED_EDGE('',*,*,#609,.T.);
#609 = EDGE_CURVE('',#602,#592,#610,.T.);
#610 = LINE('',#611,#612);
#611 = CARTESIAN_POINT('',(11.,8.,2.));
#612 = VECTOR('',#613,1.);
#613 = DIRECTION('',(-1.,0.,0.));
#614 = PLANE('',#615);
#615 = AXIS2_PLACEMENT_3D('',#616,#617,#618);
#616 = CARTESIAN_POINT('',(-34.72795261381,-2.272047386183,2.));
#617 = DIRECTION('',(0.,0.,1.));
#618 = DIRECTION('',(1.,0.,-0.));
#619 = ADVANCED_FACE('',(#620),#637,.T.);
#620 = FACE_BOUND('',#621,.T.);
#621 = EDGE_LOOP('',(#622,#630,#636));
#622 = ORIENTED_EDGE('',*,*,#623,.T.);
#623 = EDGE_CURVE('',#594,#624,#626,.T.);
#624 = VERTEX_POINT('',#625);
#625 = CARTESIAN_POINT('',(11.,-26.,2.));
#626 = LINE('',#627,#628);
#627 = CARTESIAN_POINT('',(-67.,-26.,2.));
#628 = VECTOR('',#629,1.);
#629 = DIRECTION('',(1.,0.,0.));
#630 = ORIENTED_EDGE('',*,*,#631,.T.);
#631 = EDGE_CURVE('',#624,#602,#632,.T.);
#632 = LINE('',#633,#634);
#633 = CARTESIAN_POINT('',(11.,-26.,2.));
#634 = VECTOR('',#635,1.);
#635 = DIRECTION('',(0.,1.,0.));
#636 = ORIENTED_EDGE('',*,*,#601,.F.);
#637 = PLANE('',#638);
#638 = AXIS2_PLACEMENT_3D('',#639,#640,#641);
#639 = CARTESIAN_POINT('',(-21.27204738618,-15.72795261381,2.));
#640 = DIRECTION('',(0.,0.,1.));
#641 = DIRECTION('',(1.,0.,-0.));
#642 = ADVANCED_FACE('',(#643),#667,.T.);
#643 = FACE_BOUND('',#644,.T.);
#644 = EDGE_LOOP('',(#645,#653,#661));
#645 = ORIENTED_EDGE('',*,*,#646,.T.);
#646 = EDGE_CURVE('',#508,#647,#649,.T.);
#647 = VERTEX_POINT('',#648);
#648 = CARTESIAN_POINT('',(13.,-10.03600025177,12.133999824524));
#649 = LINE('',#650,#651);
#650 = CARTESIAN_POINT('',(11.,-10.53199958801,12.302000045776));
#651 = VECTOR('',#652,1.);
#652 = DIRECTION('',(0.96738772675,0.239911835179,-8.126067606545E-02));
#653 = ORIENTED_EDGE('',*,*,#654,.T.);
#654 = EDGE_CURVE('',#647,#655,#657,.T.);
#655 = VERTEX_POINT('',#656);
#656 = CARTESIAN_POINT('',(11.,-10.03600025177,12.133999824524));
#657 = LINE('',#658,#659);
#658 = CARTESIAN_POINT('',(13.,-10.03600025177,12.133999824524));
#659 = VECTOR('',#660,1.);
#660 = DIRECTION('',(-1.,0.,0.));
#661 = ORIENTED_EDGE('',*,*,#662,.T.);
#662 = EDGE_CURVE('',#655,#508,#663,.T.);
#663 = LINE('',#664,#665);
#664 = CARTESIAN_POINT('',(11.,-10.03600025177,12.133999824524));
#665 = VECTOR('',#666,1.);
#666 = DIRECTION('',(0.,-0.947144316805,0.320807797822));
#667 = PLANE('',#668);
#668 = AXIS2_PLACEMENT_3D('',#669,#670,#671);
#669 = CARTESIAN_POINT('',(11.885936160647,-10.17596500269,
    12.181407366036));
#670 = DIRECTION('',(0.,0.320807797822,0.947144316805));
#671 = DIRECTION('',(0.,0.947144316805,-0.320807797822));
#672 = ADVANCED_FACE('',(#673),#683,.T.);
#673 = FACE_BOUND('',#674,.T.);
#674 = EDGE_LOOP('',(#675,#681,#682));
#675 = ORIENTED_EDGE('',*,*,#676,.T.);
#676 = EDGE_CURVE('',#500,#647,#677,.T.);
#677 = LINE('',#678,#679);
#678 = CARTESIAN_POINT('',(13.,-10.53199958801,12.302000045776));
#679 = VECTOR('',#680,1.);
#680 = DIRECTION('',(0.,0.947144316805,-0.320807797822));
#681 = ORIENTED_EDGE('',*,*,#646,.F.);
#682 = ORIENTED_EDGE('',*,*,#507,.F.);
#683 = PLANE('',#684);
#684 = AXIS2_PLACEMENT_3D('',#685,#686,#687);
#685 = CARTESIAN_POINT('',(12.114063839353,-10.39203483708,
    12.254592504264));
#686 = DIRECTION('',(0.,0.320807797822,0.947144316805));
#687 = DIRECTION('',(0.,0.947144316805,-0.320807797822));
#688 = ADVANCED_FACE('',(#689),#706,.T.);
#689 = FACE_BOUND('',#690,.T.);
#690 = EDGE_LOOP('',(#691,#699,#700));
#691 = ORIENTED_EDGE('',*,*,#692,.T.);
#692 = EDGE_CURVE('',#693,#569,#695,.T.);
#693 = VERTEX_POINT('',#694);
#694 = CARTESIAN_POINT('',(13.,-12.17500019073,18.437000274658));
#695 = LINE('',#696,#697);
#696 = CARTESIAN_POINT('',(13.,-12.17500019073,18.437000274658));
#697 = VECTOR('',#698,1.);
#698 = DIRECTION('',(-0.967474366965,0.166889457473,0.19010854334));
#699 = ORIENTED_EDGE('',*,*,#577,.F.);
#700 = ORIENTED_EDGE('',*,*,#701,.T.);
#701 = EDGE_CURVE('',#546,#693,#702,.T.);
#702 = LINE('',#703,#704);
#703 = CARTESIAN_POINT('',(13.,-11.8299999237,18.829999923706));
#704 = VECTOR('',#705,1.);
#705 = DIRECTION('',(0.,-0.659722783187,-0.751509048078));
#706 = PLANE('',#707);
#707 = AXIS2_PLACEMENT_3D('',#708,#709,#710);
#708 = CARTESIAN_POINT('',(12.113927274095,-11.92733963887,
    18.719117476487));
#709 = DIRECTION('',(0.,0.751509048078,-0.659722783187));
#710 = DIRECTION('',(0.,0.659722783187,0.751509048078));
#711 = ADVANCED_FACE('',(#712),#729,.T.);
#712 = FACE_BOUND('',#713,.T.);
#713 = EDGE_LOOP('',(#714,#722,#723));
#714 = ORIENTED_EDGE('',*,*,#715,.T.);
#715 = EDGE_CURVE('',#716,#569,#718,.T.);
#716 = VERTEX_POINT('',#717);
#717 = CARTESIAN_POINT('',(11.,-12.17500019073,18.437000274658));
#718 = LINE('',#719,#720);
#719 = CARTESIAN_POINT('',(11.,-12.17500019073,18.437000274658));
#720 = VECTOR('',#721,1.);
#721 = DIRECTION('',(0.,0.659722783187,0.751509048078));
#722 = ORIENTED_EDGE('',*,*,#692,.F.);
#723 = ORIENTED_EDGE('',*,*,#724,.T.);
#724 = EDGE_CURVE('',#693,#716,#725,.T.);
#725 = LINE('',#726,#727);
#726 = CARTESIAN_POINT('',(13.,-12.17500019073,18.437000274658));
#727 = VECTOR('',#728,1.);
#728 = DIRECTION('',(-1.,0.,0.));
#729 = PLANE('',#730);
#730 = AXIS2_PLACEMENT_3D('',#731,#732,#733);
#731 = CARTESIAN_POINT('',(11.886072725905,-12.07766047556,
    18.547882721877));
#732 = DIRECTION('',(0.,0.751509048078,-0.659722783187));
#733 = DIRECTION('',(0.,0.659722783187,0.751509048078));
#734 = ADVANCED_FACE('',(#735),#759,.T.);
#735 = FACE_BOUND('',#736,.T.);
#736 = EDGE_LOOP('',(#737,#745,#753));
#737 = ORIENTED_EDGE('',*,*,#738,.T.);
#738 = EDGE_CURVE('',#602,#739,#741,.T.);
#739 = VERTEX_POINT('',#740);
#740 = CARTESIAN_POINT('',(11.,-5.302000045776,14.468000411987));
#741 = LINE('',#742,#743);
#742 = CARTESIAN_POINT('',(11.,8.,2.));
#743 = VECTOR('',#744,1.);
#744 = DIRECTION('',(0.,-0.729609030414,0.683864506126));
#745 = ORIENTED_EDGE('',*,*,#746,.T.);
#746 = EDGE_CURVE('',#739,#747,#749,.T.);
#747 = VERTEX_POINT('',#748);
#748 = CARTESIAN_POINT('',(11.,-5.133999824524,14.96399974823));
#749 = LINE('',#750,#751);
#750 = CARTESIAN_POINT('',(11.,-5.302000045776,14.468000411987));
#751 = VECTOR('',#752,1.);
#752 = DIRECTION('',(0.,0.320807797822,0.947144316805));
#753 = ORIENTED_EDGE('',*,*,#754,.T.);
#754 = EDGE_CURVE('',#747,#602,#755,.T.);
#755 = LINE('',#756,#757);
#756 = CARTESIAN_POINT('',(11.,-5.133999824524,14.96399974823));
#757 = VECTOR('',#758,1.);
#758 = DIRECTION('',(0.,0.711697713753,-0.702485846291));
#759 = PLANE('',#760);
#760 = AXIS2_PLACEMENT_3D('',#761,#762,#763);
#761 = CARTESIAN_POINT('',(11.,1.298238620939,8.448222831981));
#762 = DIRECTION('',(-1.,-0.,-0.));
#763 = DIRECTION('',(0.,0.,-1.));
#764 = ADVANCED_FACE('',(#765),#775,.T.);
#765 = FACE_BOUND('',#766,.T.);
#766 = EDGE_LOOP('',(#767,#773,#774));
#767 = ORIENTED_EDGE('',*,*,#768,.T.);
#768 = EDGE_CURVE('',#119,#297,#769,.T.);
#769 = LINE('',#770,#771);
#770 = CARTESIAN_POINT('',(13.,10.,30.));
#771 = VECTOR('',#772,1.);
#772 = DIRECTION('',(0.,-1.,0.));
#773 = ORIENTED_EDGE('',*,*,#356,.F.);
#774 = ORIENTED_EDGE('',*,*,#393,.F.);
#775 = PLANE('',#776);
#776 = AXIS2_PLACEMENT_3D('',#777,#778,#779);
#777 = CARTESIAN_POINT('',(13.,-9.,27.348241902857));
#778 = DIRECTION('',(1.,0.,0.));
#779 = DIRECTION('',(-0.,0.,1.));
#780 = ADVANCED_FACE('',(#781),#803,.T.);
#781 = FACE_BOUND('',#782,.T.);
#782 = EDGE_LOOP('',(#783,#791,#797));
#783 = ORIENTED_EDGE('',*,*,#784,.T.);
#784 = EDGE_CURVE('',#785,#22,#787,.T.);
#785 = VERTEX_POINT('',#786);
#786 = CARTESIAN_POINT('',(13.,-4.998000144958,16.));
#787 = LINE('',#788,#789);
#788 = CARTESIAN_POINT('',(13.,-4.998000144958,16.));
#789 = VECTOR('',#790,1.);
#790 = DIRECTION('',(0.,0.683892593159,-0.729582703346));
#791 = ORIENTED_EDGE('',*,*,#792,.T.);
#792 = EDGE_CURVE('',#22,#119,#793,.T.);
#793 = LINE('',#794,#795);
#794 = CARTESIAN_POINT('',(13.,10.,0.));
#795 = VECTOR('',#796,1.);
#796 = DIRECTION('',(0.,0.,1.));
#797 = ORIENTED_EDGE('',*,*,#798,.T.);
#798 = EDGE_CURVE('',#119,#785,#799,.T.);
#799 = LINE('',#800,#801);
#800 = CARTESIAN_POINT('',(13.,10.,30.));
#801 = VECTOR('',#802,1.);
#802 = DIRECTION('',(0.,-0.731009886846,-0.682366870044));
#803 = PLANE('',#804);
#804 = AXIS2_PLACEMENT_3D('',#805,#806,#807);
#805 = CARTESIAN_POINT('',(13.,5.606297365413,15.146619526155));
#806 = DIRECTION('',(1.,0.,0.));
#807 = DIRECTION('',(-0.,0.,1.));
#808 = ADVANCED_FACE('',(#809),#819,.T.);
#809 = FACE_BOUND('',#810,.T.);
#810 = EDGE_LOOP('',(#811,#812,#818));
#811 = ORIENTED_EDGE('',*,*,#784,.F.);
#812 = ORIENTED_EDGE('',*,*,#813,.T.);
#813 = EDGE_CURVE('',#785,#24,#814,.T.);
#814 = LINE('',#815,#816);
#815 = CARTESIAN_POINT('',(13.,-4.998000144958,16.));
#816 = VECTOR('',#817,1.);
#817 = DIRECTION('',(0.,-6.499618229601E-02,-0.997885512615));
#818 = ORIENTED_EDGE('',*,*,#21,.F.);
#819 = PLANE('',#820);
#820 = AXIS2_PLACEMENT_3D('',#821,#822,#823);
#821 = CARTESIAN_POINT('',(13.,2.403373266626,7.964045684553));
#822 = DIRECTION('',(1.,0.,0.));
#823 = DIRECTION('',(-0.,0.,1.));
#824 = ADVANCED_FACE('',(#825),#849,.T.);
#825 = FACE_BOUND('',#826,.T.);
#826 = EDGE_LOOP('',(#827,#837,#843));
#827 = ORIENTED_EDGE('',*,*,#828,.T.);
#828 = EDGE_CURVE('',#829,#831,#833,.T.);
#829 = VERTEX_POINT('',#830);
#830 = CARTESIAN_POINT('',(-69.,-28.,0.));
#831 = VERTEX_POINT('',#832);
#832 = CARTESIAN_POINT('',(13.,-28.,0.));
#833 = LINE('',#834,#835);
#834 = CARTESIAN_POINT('',(-69.,-28.,0.));
#835 = VECTOR('',#836,1.);
#836 = DIRECTION('',(1.,0.,0.));
#837 = ORIENTED_EDGE('',*,*,#838,.T.);
#838 = EDGE_CURVE('',#831,#141,#839,.T.);
#839 = LINE('',#840,#841);
#840 = CARTESIAN_POINT('',(13.,-28.,0.));
#841 = VECTOR('',#842,1.);
#842 = DIRECTION('',(-0.995640819536,0.,9.32703515209E-02));
#843 = ORIENTED_EDGE('',*,*,#844,.T.);
#844 = EDGE_CURVE('',#141,#829,#845,.T.);
#845 = LINE('',#846,#847);
#846 = CARTESIAN_POINT('',(-19.00300025939,-28.,2.99799990654));
#847 = VECTOR('',#848,1.);
#848 = DIRECTION('',(-0.998207017296,0.,-5.985608256673E-02));
#849 = PLANE('',#850);
#850 = AXIS2_PLACEMENT_3D('',#851,#852,#853);
#851 = CARTESIAN_POINT('',(-27.98742178063,-28.,0.750549279041));
#852 = DIRECTION('',(-0.,-1.,-0.));
#853 = DIRECTION('',(0.,0.,-1.));
#854 = ADVANCED_FACE('',(#855),#870,.T.);
#855 = FACE_BOUND('',#856,.T.);
#856 = EDGE_LOOP('',(#857,#863,#869));
#857 = ORIENTED_EDGE('',*,*,#858,.T.);
#858 = EDGE_CURVE('',#831,#431,#859,.T.);
#859 = LINE('',#860,#861);
#860 = CARTESIAN_POINT('',(13.,-28.,0.));
#861 = VECTOR('',#862,1.);
#862 = DIRECTION('',(-0.957855290629,0.,0.287251183136));
#863 = ORIENTED_EDGE('',*,*,#864,.T.);
#864 = EDGE_CURVE('',#431,#141,#865,.T.);
#865 = LINE('',#866,#867);
#866 = CARTESIAN_POINT('',(3.003000020981,-28.,2.99799990654));
#867 = VECTOR('',#868,1.);
#868 = DIRECTION('',(-1.,0.,0.));
#869 = ORIENTED_EDGE('',*,*,#838,.F.);
#870 = PLANE('',#871);
#871 = AXIS2_PLACEMENT_3D('',#872,#873,#874);
#872 = CARTESIAN_POINT('',(-2.926564952233,-28.,2.009745399313));
#873 = DIRECTION('',(-0.,-1.,-0.));
#874 = DIRECTION('',(0.,0.,-1.));
#875 = ADVANCED_FACE('',(#876),#886,.T.);
#876 = FACE_BOUND('',#877,.T.);
#877 = EDGE_LOOP('',(#878,#884,#885));
#878 = ORIENTED_EDGE('',*,*,#879,.T.);
#879 = EDGE_CURVE('',#380,#109,#880,.T.);
#880 = LINE('',#881,#882);
#881 = CARTESIAN_POINT('',(13.,-8.477999687195,19.968000411987));
#882 = VECTOR('',#883,1.);
#883 = DIRECTION('',(0.,0.980872691108,-0.194650363056));
#884 = ORIENTED_EDGE('',*,*,#126,.F.);
#885 = ORIENTED_EDGE('',*,*,#387,.F.);
#886 = PLANE('',#887);
#887 = AXIS2_PLACEMENT_3D('',#888,#889,#890);
#888 = CARTESIAN_POINT('',(13.,0.775082613521,24.896101487384));
#889 = DIRECTION('',(1.,0.,0.));
#890 = DIRECTION('',(-0.,0.,1.));
#891 = ADVANCED_FACE('',(#892),#916,.T.);
#892 = FACE_BOUND('',#893,.T.);
#893 = EDGE_LOOP('',(#894,#902,#910));
#894 = ORIENTED_EDGE('',*,*,#895,.T.);
#895 = EDGE_CURVE('',#655,#896,#898,.T.);
#896 = VERTEX_POINT('',#897);
#897 = CARTESIAN_POINT('',(13.,-9.522000312805,12.031999588013));
#898 = LINE('',#899,#900);
#899 = CARTESIAN_POINT('',(11.,-10.03600025177,12.133999824524));
#900 = VECTOR('',#901,1.);
#901 = DIRECTION('',(0.967346925509,0.248608130335,-4.933480759515E-02)
  );
#902 = ORIENTED_EDGE('',*,*,#903,.T.);
#903 = EDGE_CURVE('',#896,#904,#906,.T.);
#904 = VERTEX_POINT('',#905);
#905 = CARTESIAN_POINT('',(11.,-9.522000312805,12.031999588013));
#906 = LINE('',#907,#908);
#907 = CARTESIAN_POINT('',(13.,-9.522000312805,12.031999588013));
#908 = VECTOR('',#909,1.);
#909 = DIRECTION('',(-1.,0.,0.));
#910 = ORIENTED_EDGE('',*,*,#911,.T.);
#911 = EDGE_CURVE('',#904,#655,#912,.T.);
#912 = LINE('',#913,#914);
#913 = CARTESIAN_POINT('',(11.,-9.522000312805,12.031999588013));
#914 = VECTOR('',#915,1.);
#915 = DIRECTION('',(0.,-0.980873073054,0.194648438365));
#916 = PLANE('',#917);
#917 = AXIS2_PLACEMENT_3D('',#918,#919,#920);
#918 = CARTESIAN_POINT('',(11.885871922612,-9.667055124298,
    12.060784854231));
#919 = DIRECTION('',(0.,0.194648438365,0.980873073054));
#920 = DIRECTION('',(0.,0.980873073054,-0.194648438365));
#921 = ADVANCED_FACE('',(#922),#932,.T.);
#922 = FACE_BOUND('',#923,.T.);
#923 = EDGE_LOOP('',(#924,#930,#931));
#924 = ORIENTED_EDGE('',*,*,#925,.T.);
#925 = EDGE_CURVE('',#647,#896,#926,.T.);
#926 = LINE('',#927,#928);
#927 = CARTESIAN_POINT('',(13.,-10.03600025177,12.133999824524));
#928 = VECTOR('',#929,1.);
#929 = DIRECTION('',(0.,0.980873073054,-0.194648438365));
#930 = ORIENTED_EDGE('',*,*,#895,.F.);
#931 = ORIENTED_EDGE('',*,*,#654,.F.);
#932 = PLANE('',#933);
#933 = AXIS2_PLACEMENT_3D('',#934,#935,#936);
#934 = CARTESIAN_POINT('',(12.114128077388,-9.890945440277,
    12.105214558305));
#935 = DIRECTION('',(0.,0.194648438365,0.980873073054));
#936 = DIRECTION('',(0.,0.980873073054,-0.194648438365));
#937 = ADVANCED_FACE('',(#938),#955,.T.);
#938 = FACE_BOUND('',#939,.T.);
#939 = EDGE_LOOP('',(#940,#948,#949));
#940 = ORIENTED_EDGE('',*,*,#941,.T.);
#941 = EDGE_CURVE('',#942,#716,#944,.T.);
#942 = VERTEX_POINT('',#943);
#943 = CARTESIAN_POINT('',(13.,-12.46599960327,18.000999450684));
#944 = LINE('',#945,#946);
#945 = CARTESIAN_POINT('',(13.,-12.46599960327,18.000999450684));
#946 = VECTOR('',#947,1.);
#947 = DIRECTION('',(-0.967326854228,0.140745773156,0.210877652748));
#948 = ORIENTED_EDGE('',*,*,#724,.F.);
#949 = ORIENTED_EDGE('',*,*,#950,.T.);
#950 = EDGE_CURVE('',#693,#942,#951,.T.);
#951 = LINE('',#952,#953);
#952 = CARTESIAN_POINT('',(13.,-12.17500019073,18.437000274658));
#953 = VECTOR('',#954,1.);
#954 = DIRECTION('',(0.,-0.555138855638,-0.831757687648));
#955 = PLANE('',#956);
#956 = AXIS2_PLACEMENT_3D('',#957,#958,#959);
#957 = CARTESIAN_POINT('',(12.114159660478,-12.25712543372,
    18.313953037893));
#958 = DIRECTION('',(0.,0.831757687648,-0.555138855638));
#959 = DIRECTION('',(0.,0.555138855638,0.831757687648));
#960 = ADVANCED_FACE('',(#961),#978,.T.);
#961 = FACE_BOUND('',#962,.T.);
#962 = EDGE_LOOP('',(#963,#971,#972));
#963 = ORIENTED_EDGE('',*,*,#964,.T.);
#964 = EDGE_CURVE('',#965,#716,#967,.T.);
#965 = VERTEX_POINT('',#966);
#966 = CARTESIAN_POINT('',(11.,-12.46599960327,18.000999450684));
#967 = LINE('',#968,#969);
#968 = CARTESIAN_POINT('',(11.,-12.46599960327,18.000999450684));
#969 = VECTOR('',#970,1.);
#970 = DIRECTION('',(0.,0.555138855638,0.831757687648));
#971 = ORIENTED_EDGE('',*,*,#941,.F.);
#972 = ORIENTED_EDGE('',*,*,#973,.T.);
#973 = EDGE_CURVE('',#942,#965,#974,.T.);
#974 = LINE('',#975,#976);
#975 = CARTESIAN_POINT('',(13.,-12.46599960327,18.000999450684));
#976 = VECTOR('',#977,1.);
#977 = DIRECTION('',(-1.,0.,0.));
#978 = PLANE('',#979);
#979 = AXIS2_PLACEMENT_3D('',#980,#981,#982);
#980 = CARTESIAN_POINT('',(11.885840339522,-12.38387436028,
    18.124046687449));
#981 = DIRECTION('',(0.,0.831757687648,-0.555138855638));
#982 = DIRECTION('',(0.,0.555138855638,0.831757687648));
#983 = ADVANCED_FACE('',(#984),#1001,.T.);
#984 = FACE_BOUND('',#985,.T.);
#985 = EDGE_LOOP('',(#986,#987,#995));
#986 = ORIENTED_EDGE('',*,*,#754,.F.);
#987 = ORIENTED_EDGE('',*,*,#988,.T.);
#988 = EDGE_CURVE('',#747,#989,#991,.T.);
#989 = VERTEX_POINT('',#990);
#990 = CARTESIAN_POINT('',(11.,-5.03200006485,15.477999687195));
#991 = LINE('',#992,#993);
#992 = CARTESIAN_POINT('',(11.,-5.133999824524,14.96399974823));
#993 = VECTOR('',#994,1.);
#994 = DIRECTION('',(0.,0.194647562886,0.980873246787));
#995 = ORIENTED_EDGE('',*,*,#996,.T.);
#996 = EDGE_CURVE('',#989,#602,#997,.T.);
#997 = LINE('',#998,#999);
#998 = CARTESIAN_POINT('',(11.,-5.03200006485,15.477999687195));
#999 = VECTOR('',#1000,1.);
#1000 = DIRECTION('',(0.,0.695112174052,-0.718901290502));
#1001 = PLANE('',#1002);
#1002 = AXIS2_PLACEMENT_3D('',#1003,#1004,#1005);
#1003 = CARTESIAN_POINT('',(11.,1.367836834661,8.703319895305));
#1004 = DIRECTION('',(-1.,-0.,-0.));
#1005 = DIRECTION('',(0.,0.,-1.));
#1006 = ADVANCED_FACE('',(#1007),#1033,.T.);
#1007 = FACE_BOUND('',#1008,.T.);
#1008 = EDGE_LOOP('',(#1009,#1019,#1027));
#1009 = ORIENTED_EDGE('',*,*,#1010,.T.);
#1010 = EDGE_CURVE('',#1011,#1013,#1015,.T.);
#1011 = VERTEX_POINT('',#1012);
#1012 = CARTESIAN_POINT('',(-69.,10.,0.));
#1013 = VERTEX_POINT('',#1014);
#1014 = CARTESIAN_POINT('',(-69.,10.,30.));
#1015 = LINE('',#1016,#1017);
#1016 = CARTESIAN_POINT('',(-69.,10.,0.));
#1017 = VECTOR('',#1018,1.);
#1018 = DIRECTION('',(0.,0.,1.));
#1019 = ORIENTED_EDGE('',*,*,#1020,.T.);
#1020 = EDGE_CURVE('',#1013,#1021,#1023,.T.);
#1021 = VERTEX_POINT('',#1022);
#1022 = CARTESIAN_POINT('',(-67.,10.,2.));
#1023 = LINE('',#1024,#1025);
#1024 = CARTESIAN_POINT('',(-69.,10.,30.));
#1025 = VECTOR('',#1026,1.);
#1026 = DIRECTION('',(7.124704998791E-02,0.,-0.997458699831));
#1027 = ORIENTED_EDGE('',*,*,#1028,.T.);
#1028 = EDGE_CURVE('',#1021,#1011,#1029,.T.);
#1029 = LINE('',#1030,#1031);
#1030 = CARTESIAN_POINT('',(-67.,10.,2.));
#1031 = VECTOR('',#1032,1.);
#1032 = DIRECTION('',(-0.707106781187,0.,-0.707106781187));
#1033 = PLANE('',#1034);
#1034 = AXIS2_PLACEMENT_3D('',#1035,#1036,#1037);
#1035 = CARTESIAN_POINT('',(-68.49261273978,10.,14.810727642623));
#1036 = DIRECTION('',(0.,1.,0.));
#1037 = DIRECTION('',(0.,-0.,1.));
#1038 = ADVANCED_FACE('',(#1039),#1056,.T.);
#1039 = FACE_BOUND('',#1040,.T.);
#1040 = EDGE_LOOP('',(#1041,#1049,#1055));
#1041 = ORIENTED_EDGE('',*,*,#1042,.T.);
#1042 = EDGE_CURVE('',#1021,#1043,#1045,.T.);
#1043 = VERTEX_POINT('',#1044);
#1044 = CARTESIAN_POINT('',(11.,10.,2.));
#1045 = LINE('',#1046,#1047);
#1046 = CARTESIAN_POINT('',(-67.,10.,2.));
#1047 = VECTOR('',#1048,1.);
#1048 = DIRECTION('',(1.,0.,0.));
#1049 = ORIENTED_EDGE('',*,*,#1050,.T.);
#1050 = EDGE_CURVE('',#1043,#1011,#1051,.T.);
#1051 = LINE('',#1052,#1053);
#1052 = CARTESIAN_POINT('',(11.,10.,2.));
#1053 = VECTOR('',#1054,1.);
#1054 = DIRECTION('',(-0.999687646408,0.,-2.49921911602E-02));
#1055 = ORIENTED_EDGE('',*,*,#1028,.F.);
#1056 = PLANE('',#1057);
#1057 = AXIS2_PLACEMENT_3D('',#1058,#1059,#1060);
#1058 = CARTESIAN_POINT('',(-29.20085775744,10.,1.484913522129));
#1059 = DIRECTION('',(0.,1.,0.));
#1060 = DIRECTION('',(0.,-0.,1.));
#1061 = ADVANCED_FACE('',(#1062),#1079,.T.);
#1062 = FACE_BOUND('',#1063,.T.);
#1063 = EDGE_LOOP('',(#1064,#1072,#1073));
#1064 = ORIENTED_EDGE('',*,*,#1065,.T.);
#1065 = EDGE_CURVE('',#1066,#904,#1068,.T.);
#1066 = VERTEX_POINT('',#1067);
#1067 = CARTESIAN_POINT('',(13.,-9.,11.998000144958));
#1068 = LINE('',#1069,#1070);
#1069 = CARTESIAN_POINT('',(13.,-9.,11.998000144958));
#1070 = VECTOR('',#1071,1.);
#1071 = DIRECTION('',(-0.967455534046,-0.252506045699,1.644647466864E-02
    ));
#1072 = ORIENTED_EDGE('',*,*,#903,.F.);
#1073 = ORIENTED_EDGE('',*,*,#1074,.T.);
#1074 = EDGE_CURVE('',#896,#1066,#1075,.T.);
#1075 = LINE('',#1076,#1077);
#1076 = CARTESIAN_POINT('',(13.,-9.522000312805,12.031999588013));
#1077 = VECTOR('',#1078,1.);
#1078 = DIRECTION('',(0.,0.997885571737,-6.499527459771E-02));
#1079 = PLANE('',#1080);
#1080 = AXIS2_PLACEMENT_3D('',#1081,#1082,#1083);
#1081 = CARTESIAN_POINT('',(12.113956977454,-9.374716180003,
    12.022406531528));
#1082 = DIRECTION('',(0.,6.499527459771E-02,0.997885571737));
#1083 = DIRECTION('',(0.,0.997885571737,-6.499527459771E-02));
#1084 = ADVANCED_FACE('',(#1085),#1102,.T.);
#1085 = FACE_BOUND('',#1086,.T.);
#1086 = EDGE_LOOP('',(#1087,#1095,#1096));
#1087 = ORIENTED_EDGE('',*,*,#1088,.T.);
#1088 = EDGE_CURVE('',#1089,#904,#1091,.T.);
#1089 = VERTEX_POINT('',#1090);
#1090 = CARTESIAN_POINT('',(11.,-9.,11.998000144958));
#1091 = LINE('',#1092,#1093);
#1092 = CARTESIAN_POINT('',(11.,-9.,11.998000144958));
#1093 = VECTOR('',#1094,1.);
#1094 = DIRECTION('',(0.,-0.997885571737,6.499527459771E-02));
#1095 = ORIENTED_EDGE('',*,*,#1065,.F.);
#1096 = ORIENTED_EDGE('',*,*,#1097,.T.);
#1097 = EDGE_CURVE('',#1066,#1089,#1098,.T.);
#1098 = LINE('',#1099,#1100);
#1099 = CARTESIAN_POINT('',(13.,-9.,11.998000144958));
#1100 = VECTOR('',#1101,1.);
#1101 = DIRECTION('',(-1.,0.,0.));
#1102 = PLANE('',#1103);
#1103 = AXIS2_PLACEMENT_3D('',#1104,#1105,#1106);
#1104 = CARTESIAN_POINT('',(11.886043022546,-9.147284132802,
    12.007593201444));
#1105 = DIRECTION('',(0.,6.499527459771E-02,0.997885571737));
#1106 = DIRECTION('',(0.,0.997885571737,-6.499527459771E-02));
#1107 = ADVANCED_FACE('',(#1108),#1125,.T.);
#1108 = FACE_BOUND('',#1109,.T.);
#1109 = EDGE_LOOP('',(#1110,#1111,#1119));
#1110 = ORIENTED_EDGE('',*,*,#996,.F.);
#1111 = ORIENTED_EDGE('',*,*,#1112,.T.);
#1112 = EDGE_CURVE('',#989,#1113,#1115,.T.);
#1113 = VERTEX_POINT('',#1114);
#1114 = CARTESIAN_POINT('',(11.,-4.998000144958,16.));
#1115 = LINE('',#1116,#1117);
#1116 = CARTESIAN_POINT('',(11.,-5.03200006485,15.477999687195));
#1117 = VECTOR('',#1118,1.);
#1118 = DIRECTION('',(0.,6.499618229601E-02,0.997885512615));
#1119 = ORIENTED_EDGE('',*,*,#1120,.T.);
#1120 = EDGE_CURVE('',#1113,#602,#1121,.T.);
#1121 = LINE('',#1122,#1123);
#1122 = CARTESIAN_POINT('',(11.,-4.998000144958,16.));
#1123 = VECTOR('',#1124,1.);
#1124 = DIRECTION('',(0.,0.68039488314,-0.732845688393));
#1125 = PLANE('',#1126);
#1126 = AXIS2_PLACEMENT_3D('',#1127,#1128,#1129);
#1127 = CARTESIAN_POINT('',(11.,1.403871596455,8.964350777542));
#1128 = DIRECTION('',(-1.,-0.,-0.));
#1129 = DIRECTION('',(0.,0.,-1.));
#1130 = ADVANCED_FACE('',(#1131),#1148,.T.);
#1131 = FACE_BOUND('',#1132,.T.);
#1132 = EDGE_LOOP('',(#1133,#1141,#1142));
#1133 = ORIENTED_EDGE('',*,*,#1134,.T.);
#1134 = EDGE_CURVE('',#1135,#965,#1137,.T.);
#1135 = VERTEX_POINT('',#1136);
#1136 = CARTESIAN_POINT('',(13.,-12.69799995422,17.531999588013));
#1137 = LINE('',#1138,#1139);
#1138 = CARTESIAN_POINT('',(13.,-12.69799995422,17.531999588013));
#1139 = VECTOR('',#1140,1.);
#1140 = DIRECTION('',(-0.967439150927,0.11222311127,0.226864414464));
#1141 = ORIENTED_EDGE('',*,*,#973,.F.);
#1142 = ORIENTED_EDGE('',*,*,#1143,.T.);
#1143 = EDGE_CURVE('',#942,#1135,#1144,.T.);
#1144 = LINE('',#1145,#1146);
#1145 = CARTESIAN_POINT('',(13.,-12.46599960327,18.000999450684));
#1146 = VECTOR('',#1147,1.);
#1147 = DIRECTION('',(0.,-0.443387851511,-0.896329857325));
#1148 = PLANE('',#1149);
#1149 = AXIS2_PLACEMENT_3D('',#1150,#1151,#1152);
#1150 = CARTESIAN_POINT('',(12.113982808717,-12.53146118608,
    17.868665714023));
#1151 = DIRECTION('',(0.,0.896329857325,-0.443387851511));
#1152 = DIRECTION('',(0.,0.443387851511,0.896329857325));
#1153 = ADVANCED_FACE('',(#1154),#1171,.T.);
#1154 = FACE_BOUND('',#1155,.T.);
#1155 = EDGE_LOOP('',(#1156,#1164,#1165));
#1156 = ORIENTED_EDGE('',*,*,#1157,.T.);
#1157 = EDGE_CURVE('',#1158,#965,#1160,.T.);
#1158 = VERTEX_POINT('',#1159);
#1159 = CARTESIAN_POINT('',(11.,-12.69799995422,17.531999588013));
#1160 = LINE('',#1161,#1162);
#1161 = CARTESIAN_POINT('',(11.,-12.69799995422,17.531999588013));
#1162 = VECTOR('',#1163,1.);
#1163 = DIRECTION('',(0.,0.443387851511,0.896329857325));
#1164 = ORIENTED_EDGE('',*,*,#1134,.F.);
#1165 = ORIENTED_EDGE('',*,*,#1166,.T.);
#1166 = EDGE_CURVE('',#1135,#1158,#1167,.T.);
#1167 = LINE('',#1168,#1169);
#1168 = CARTESIAN_POINT('',(13.,-12.69799995422,17.531999588013));
#1169 = VECTOR('',#1170,1.);
#1170 = DIRECTION('',(-1.,0.,0.));
#1171 = PLANE('',#1172);
#1172 = AXIS2_PLACEMENT_3D('',#1173,#1174,#1175);
#1173 = CARTESIAN_POINT('',(11.886017191283,-12.63253837141,
    17.664333324673));
#1174 = DIRECTION('',(0.,0.896329857325,-0.443387851511));
#1175 = DIRECTION('',(0.,0.443387851511,0.896329857325));
#1176 = ADVANCED_FACE('',(#1177),#1201,.T.);
#1177 = FACE_BOUND('',#1178,.T.);
#1178 = EDGE_LOOP('',(#1179,#1189,#1195));
#1179 = ORIENTED_EDGE('',*,*,#1180,.T.);
#1180 = EDGE_CURVE('',#1181,#1183,#1185,.T.);
#1181 = VERTEX_POINT('',#1182);
#1182 = CARTESIAN_POINT('',(13.,-12.46599960327,13.998999595642));
#1183 = VERTEX_POINT('',#1184);
#1184 = CARTESIAN_POINT('',(13.,-12.69799995422,14.468000411987));
#1185 = LINE('',#1186,#1187);
#1186 = CARTESIAN_POINT('',(13.,-12.46599960327,13.998999595642));
#1187 = VECTOR('',#1188,1.);
#1188 = DIRECTION('',(0.,-0.443387127164,0.896330215638));
#1189 = ORIENTED_EDGE('',*,*,#1190,.T.);
#1190 = EDGE_CURVE('',#1183,#831,#1191,.T.);
#1191 = LINE('',#1192,#1193);
#1192 = CARTESIAN_POINT('',(13.,-12.69799995422,14.468000411987));
#1193 = VECTOR('',#1194,1.);
#1194 = DIRECTION('',(0.,-0.726631129074,-0.687027803121));
#1195 = ORIENTED_EDGE('',*,*,#1196,.T.);
#1196 = EDGE_CURVE('',#831,#1181,#1197,.T.);
#1197 = LINE('',#1198,#1199);
#1198 = CARTESIAN_POINT('',(13.,-28.,0.));
#1199 = VECTOR('',#1200,1.);
#1200 = DIRECTION('',(0.,0.742856479898,0.669450707874));
#1201 = PLANE('',#1202);
#1202 = AXIS2_PLACEMENT_3D('',#1203,#1204,#1205);
#1203 = CARTESIAN_POINT('',(13.,-20.1962757514,7.204790356562));
#1204 = DIRECTION('',(1.,0.,0.));
#1205 = DIRECTION('',(-0.,0.,1.));
#1206 = ADVANCED_FACE('',(#1207),#1231,.T.);
#1207 = FACE_BOUND('',#1208,.T.);
#1208 = EDGE_LOOP('',(#1209,#1217,#1225));
#1209 = ORIENTED_EDGE('',*,*,#1210,.T.);
#1210 = EDGE_CURVE('',#1089,#1211,#1213,.T.);
#1211 = VERTEX_POINT('',#1212);
#1212 = CARTESIAN_POINT('',(13.,-8.477999687195,12.031999588013));
#1213 = LINE('',#1214,#1215);
#1214 = CARTESIAN_POINT('',(11.,-9.,11.998000144958));
#1215 = VECTOR('',#1216,1.);
#1216 = DIRECTION('',(0.967455534046,0.252506045699,1.644647466864E-02)
  );
#1217 = ORIENTED_EDGE('',*,*,#1218,.T.);
#1218 = EDGE_CURVE('',#1211,#1219,#1221,.T.);
#1219 = VERTEX_POINT('',#1220);
#1220 = CARTESIAN_POINT('',(11.,-8.477999687195,12.031999588013));
#1221 = LINE('',#1222,#1223);
#1222 = CARTESIAN_POINT('',(13.,-8.477999687195,12.031999588013));
#1223 = VECTOR('',#1224,1.);
#1224 = DIRECTION('',(-1.,0.,0.));
#1225 = ORIENTED_EDGE('',*,*,#1226,.T.);
#1226 = EDGE_CURVE('',#1219,#1089,#1227,.T.);
#1227 = LINE('',#1228,#1229);
#1228 = CARTESIAN_POINT('',(11.,-8.477999687195,12.031999588013));
#1229 = VECTOR('',#1230,1.);
#1230 = DIRECTION('',(0.,-0.997885571737,-6.499527459771E-02));
#1231 = PLANE('',#1232);
#1232 = AXIS2_PLACEMENT_3D('',#1233,#1234,#1235);
#1233 = CARTESIAN_POINT('',(11.886043022546,-8.625283819997,
    12.022406531528));
#1234 = DIRECTION('',(0.,-6.499527459771E-02,0.997885571737));
#1235 = DIRECTION('',(0.,0.997885571737,6.499527459771E-02));
#1236 = ADVANCED_FACE('',(#1237),#1247,.T.);
#1237 = FACE_BOUND('',#1238,.T.);
#1238 = EDGE_LOOP('',(#1239,#1245,#1246));
#1239 = ORIENTED_EDGE('',*,*,#1240,.T.);
#1240 = EDGE_CURVE('',#1066,#1211,#1241,.T.);
#1241 = LINE('',#1242,#1243);
#1242 = CARTESIAN_POINT('',(13.,-9.,11.998000144958));
#1243 = VECTOR('',#1244,1.);
#1244 = DIRECTION('',(0.,0.997885571737,6.499527459771E-02));
#1245 = ORIENTED_EDGE('',*,*,#1210,.F.);
#1246 = ORIENTED_EDGE('',*,*,#1097,.F.);
#1247 = PLANE('',#1248);
#1248 = AXIS2_PLACEMENT_3D('',#1249,#1250,#1251);
#1249 = CARTESIAN_POINT('',(12.113956977454,-8.852715867198,
    12.007593201444));
#1250 = DIRECTION('',(0.,-6.499527459771E-02,0.997885571737));
#1251 = DIRECTION('',(0.,0.997885571737,6.499527459771E-02));
#1252 = ADVANCED_FACE('',(#1253),#1270,.T.);
#1253 = FACE_BOUND('',#1254,.T.);
#1254 = EDGE_LOOP('',(#1255,#1263,#1269));
#1255 = ORIENTED_EDGE('',*,*,#1256,.T.);
#1256 = EDGE_CURVE('',#831,#1257,#1259,.T.);
#1257 = VERTEX_POINT('',#1258);
#1258 = CARTESIAN_POINT('',(13.,-12.17500019073,13.562999725342));
#1259 = LINE('',#1260,#1261);
#1260 = CARTESIAN_POINT('',(13.,-28.,0.));
#1261 = VECTOR('',#1262,1.);
#1262 = DIRECTION('',(0.,0.759287085724,0.650755807852));
#1263 = ORIENTED_EDGE('',*,*,#1264,.T.);
#1264 = EDGE_CURVE('',#1257,#1181,#1265,.T.);
#1265 = LINE('',#1266,#1267);
#1266 = CARTESIAN_POINT('',(13.,-12.17500019073,13.562999725342));
#1267 = VECTOR('',#1268,1.);
#1268 = DIRECTION('',(0.,-0.555139695694,0.831757126969));
#1269 = ORIENTED_EDGE('',*,*,#1196,.F.);
#1270 = PLANE('',#1271);
#1271 = AXIS2_PLACEMENT_3D('',#1272,#1273,#1274);
#1272 = CARTESIAN_POINT('',(13.,-20.06316493211,6.976112922379));
#1273 = DIRECTION('',(1.,0.,0.));
#1274 = DIRECTION('',(-0.,0.,1.));
#1275 = ADVANCED_FACE('',(#1276),#1293,.T.);
#1276 = FACE_BOUND('',#1277,.T.);
#1277 = EDGE_LOOP('',(#1278,#1286,#1287));
#1278 = ORIENTED_EDGE('',*,*,#1279,.T.);
#1279 = EDGE_CURVE('',#1280,#1158,#1282,.T.);
#1280 = VERTEX_POINT('',#1281);
#1281 = CARTESIAN_POINT('',(13.,-12.86600017547,17.035999298096));
#1282 = LINE('',#1283,#1284);
#1283 = CARTESIAN_POINT('',(13.,-12.86600017547,17.035999298096));
#1284 = VECTOR('',#1285,1.);
#1285 = DIRECTION('',(-0.967387619691,8.126066707248E-02,0.239912269914)
  );
#1286 = ORIENTED_EDGE('',*,*,#1166,.F.);
#1287 = ORIENTED_EDGE('',*,*,#1288,.T.);
#1288 = EDGE_CURVE('',#1135,#1280,#1289,.T.);
#1289 = LINE('',#1290,#1291);
#1290 = CARTESIAN_POINT('',(13.,-12.69799995422,17.531999588013));
#1291 = VECTOR('',#1292,1.);
#1292 = DIRECTION('',(0.,-0.320807244478,-0.947144504229));
#1293 = PLANE('',#1294);
#1294 = AXIS2_PLACEMENT_3D('',#1295,#1296,#1297);
#1295 = CARTESIAN_POINT('',(12.11406400797,-12.74540750475,
    17.392034541333));
#1296 = DIRECTION('',(0.,0.947144504229,-0.320807244478));
#1297 = DIRECTION('',(0.,0.320807244478,0.947144504229));
#1298 = ADVANCED_FACE('',(#1299),#1316,.T.);
#1299 = FACE_BOUND('',#1300,.T.);
#1300 = EDGE_LOOP('',(#1301,#1309,#1310));
#1301 = ORIENTED_EDGE('',*,*,#1302,.T.);
#1302 = EDGE_CURVE('',#1303,#1158,#1305,.T.);
#1303 = VERTEX_POINT('',#1304);
#1304 = CARTESIAN_POINT('',(11.,-12.86600017547,17.035999298096));
#1305 = LINE('',#1306,#1307);
#1306 = CARTESIAN_POINT('',(11.,-12.86600017547,17.035999298096));
#1307 = VECTOR('',#1308,1.);
#1308 = DIRECTION('',(0.,0.320807244478,0.947144504229));
#1309 = ORIENTED_EDGE('',*,*,#1279,.F.);
#1310 = ORIENTED_EDGE('',*,*,#1311,.T.);
#1311 = EDGE_CURVE('',#1280,#1303,#1312,.T.);
#1312 = LINE('',#1313,#1314);
#1313 = CARTESIAN_POINT('',(13.,-12.86600017547,17.035999298096));
#1314 = VECTOR('',#1315,1.);
#1315 = DIRECTION('',(-1.,0.,0.));
#1316 = PLANE('',#1317);
#1317 = AXIS2_PLACEMENT_3D('',#1318,#1319,#1320);
#1318 = CARTESIAN_POINT('',(11.88593599203,-12.81859262494,
    17.175964344775));
#1319 = DIRECTION('',(0.,0.947144504229,-0.320807244478));
#1320 = DIRECTION('',(0.,0.320807244478,0.947144504229));
#1321 = ADVANCED_FACE('',(#1322),#1346,.T.);
#1322 = FACE_BOUND('',#1323,.T.);
#1323 = EDGE_LOOP('',(#1324,#1332,#1340));
#1324 = ORIENTED_EDGE('',*,*,#1325,.T.);
#1325 = EDGE_CURVE('',#1326,#22,#1328,.T.);
#1326 = VERTEX_POINT('',#1327);
#1327 = CARTESIAN_POINT('',(13.,-6.563000202179,12.824999809265));
#1328 = LINE('',#1329,#1330);
#1329 = CARTESIAN_POINT('',(13.,-6.563000202179,12.824999809265));
#1330 = VECTOR('',#1331,1.);
#1331 = DIRECTION('',(0.,0.790676752253,-0.612233838861));
#1332 = ORIENTED_EDGE('',*,*,#1333,.T.);
#1333 = EDGE_CURVE('',#22,#1334,#1336,.T.);
#1334 = VERTEX_POINT('',#1335);
#1335 = CARTESIAN_POINT('',(13.,-6.170000076294,13.170000076294));
#1336 = LINE('',#1337,#1338);
#1337 = CARTESIAN_POINT('',(13.,10.,0.));
#1338 = VECTOR('',#1339,1.);
#1339 = DIRECTION('',(0.,-0.775365420295,0.631512838358));
#1340 = ORIENTED_EDGE('',*,*,#1341,.T.);
#1341 = EDGE_CURVE('',#1334,#1326,#1342,.T.);
#1342 = LINE('',#1343,#1344);
#1343 = CARTESIAN_POINT('',(13.,-6.170000076294,13.170000076294));
#1344 = VECTOR('',#1345,1.);
#1345 = DIRECTION('',(0.,-0.751509444936,-0.659722331115));
#1346 = PLANE('',#1347);
#1347 = AXIS2_PLACEMENT_3D('',#1348,#1349,#1350);
#1348 = CARTESIAN_POINT('',(13.,1.715426444084,6.578854576937));
#1349 = DIRECTION('',(1.,0.,0.));
#1350 = DIRECTION('',(-0.,0.,1.));
#1351 = ADVANCED_FACE('',(#1352),#1369,.T.);
#1352 = FACE_BOUND('',#1353,.T.);
#1353 = EDGE_LOOP('',(#1354,#1362,#1368));
#1354 = ORIENTED_EDGE('',*,*,#1355,.T.);
#1355 = EDGE_CURVE('',#1113,#1356,#1358,.T.);
#1356 = VERTEX_POINT('',#1357);
#1357 = CARTESIAN_POINT('',(11.,8.,30.));
#1358 = LINE('',#1359,#1360);
#1359 = CARTESIAN_POINT('',(11.,-4.998000144958,16.));
#1360 = VECTOR('',#1361,1.);
#1361 = DIRECTION('',(0.,0.68039488314,0.732845688393));
#1362 = ORIENTED_EDGE('',*,*,#1363,.T.);
#1363 = EDGE_CURVE('',#1356,#602,#1364,.T.);
#1364 = LINE('',#1365,#1366);
#1365 = CARTESIAN_POINT('',(11.,8.,30.));
#1366 = VECTOR('',#1367,1.);
#1367 = DIRECTION('',(0.,0.,-1.));
#1368 = ORIENTED_EDGE('',*,*,#1120,.F.);
#1369 = PLANE('',#1370);
#1370 = AXIS2_PLACEMENT_3D('',#1371,#1372,#1373);
#1371 = CARTESIAN_POINT('',(11.,4.24952174564,16.));
#1372 = DIRECTION('',(-1.,-0.,-0.));
#1373 = DIRECTION('',(0.,0.,-1.));
#1374 = ADVANCED_FACE('',(#1375),#1390,.T.);
#1375 = FACE_BOUND('',#1376,.T.);
#1376 = EDGE_LOOP('',(#1377,#1383,#1389));
#1377 = ORIENTED_EDGE('',*,*,#1378,.T.);
#1378 = EDGE_CURVE('',#219,#831,#1379,.T.);
#1379 = LINE('',#1380,#1381);
#1380 = CARTESIAN_POINT('',(13.,-11.8299999237,13.170000076294));
#1381 = VECTOR('',#1382,1.);
#1382 = DIRECTION('',(0.,-0.775365420295,-0.631512838358));
#1383 = ORIENTED_EDGE('',*,*,#1384,.T.);
#1384 = EDGE_CURVE('',#831,#189,#1385,.T.);
#1385 = LINE('',#1386,#1387);
#1386 = CARTESIAN_POINT('',(13.,-28.,0.));
#1387 = VECTOR('',#1388,1.);
#1388 = DIRECTION('',(0.,0.790676743721,0.61223384988));
#1389 = ORIENTED_EDGE('',*,*,#218,.F.);
#1390 = PLANE('',#1391);
#1391 = AXIS2_PLACEMENT_3D('',#1392,#1393,#1394);
#1392 = CARTESIAN_POINT('',(13.,-19.71542663342,6.578854524076));
#1393 = DIRECTION('',(1.,0.,0.));
#1394 = DIRECTION('',(-0.,0.,1.));
#1395 = ADVANCED_FACE('',(#1396),#1406,.T.);
#1396 = FACE_BOUND('',#1397,.T.);
#1397 = EDGE_LOOP('',(#1398,#1399,#1405));
#1398 = ORIENTED_EDGE('',*,*,#1378,.F.);
#1399 = ORIENTED_EDGE('',*,*,#1400,.T.);
#1400 = EDGE_CURVE('',#219,#1257,#1401,.T.);
#1401 = LINE('',#1402,#1403);
#1402 = CARTESIAN_POINT('',(13.,-11.8299999237,13.170000076294));
#1403 = VECTOR('',#1404,1.);
#1404 = DIRECTION('',(0.,-0.659722783187,0.751509048078));
#1405 = ORIENTED_EDGE('',*,*,#1256,.F.);
#1406 = PLANE('',#1407);
#1407 = AXIS2_PLACEMENT_3D('',#1408,#1409,#1410);
#1408 = CARTESIAN_POINT('',(13.,-19.90214840572,6.766001511999));
#1409 = DIRECTION('',(1.,0.,0.));
#1410 = DIRECTION('',(-0.,0.,1.));
#1411 = ADVANCED_FACE('',(#1412),#1429,.T.);
#1412 = FACE_BOUND('',#1413,.T.);
#1413 = EDGE_LOOP('',(#1414,#1422,#1423));
#1414 = ORIENTED_EDGE('',*,*,#1415,.T.);
#1415 = EDGE_CURVE('',#1416,#1303,#1418,.T.);
#1416 = VERTEX_POINT('',#1417);
#1417 = CARTESIAN_POINT('',(13.,-12.96800041198,16.521999359131));
#1418 = LINE('',#1419,#1420);
#1419 = CARTESIAN_POINT('',(13.,-12.96800041198,16.521999359131));
#1420 = VECTOR('',#1421,1.);
#1421 = DIRECTION('',(-0.967346925509,4.933480759515E-02,0.248608130335)
  );
#1422 = ORIENTED_EDGE('',*,*,#1311,.F.);
#1423 = ORIENTED_EDGE('',*,*,#1424,.T.);
#1424 = EDGE_CURVE('',#1280,#1416,#1425,.T.);
#1425 = LINE('',#1426,#1427);
#1426 = CARTESIAN_POINT('',(13.,-12.86600017547,17.035999298096));
#1427 = VECTOR('',#1428,1.);
#1428 = DIRECTION('',(0.,-0.194648438365,-0.980873073054));
#1429 = PLANE('',#1430);
#1430 = AXIS2_PLACEMENT_3D('',#1431,#1432,#1433);
#1431 = CARTESIAN_POINT('',(12.114128077388,-12.89478544169,
    16.890944486603));
#1432 = DIRECTION('',(0.,0.980873073054,-0.194648438365));
#1433 = DIRECTION('',(0.,0.194648438365,0.980873073054));
#1434 = ADVANCED_FACE('',(#1435),#1452,.T.);
#1435 = FACE_BOUND('',#1436,.T.);
#1436 = EDGE_LOOP('',(#1437,#1445,#1446));
#1437 = ORIENTED_EDGE('',*,*,#1438,.T.);
#1438 = EDGE_CURVE('',#1439,#1303,#1441,.T.);
#1439 = VERTEX_POINT('',#1440);
#1440 = CARTESIAN_POINT('',(11.,-12.96800041198,16.521999359131));
#1441 = LINE('',#1442,#1443);
#1442 = CARTESIAN_POINT('',(11.,-12.96800041198,16.521999359131));
#1443 = VECTOR('',#1444,1.);
#1444 = DIRECTION('',(0.,0.194648438365,0.980873073054));
#1445 = ORIENTED_EDGE('',*,*,#1415,.F.);
#1446 = ORIENTED_EDGE('',*,*,#1447,.T.);
#1447 = EDGE_CURVE('',#1416,#1439,#1448,.T.);
#1448 = LINE('',#1449,#1450);
#1449 = CARTESIAN_POINT('',(13.,-12.96800041198,16.521999359131));
#1450 = VECTOR('',#1451,1.);
#1451 = DIRECTION('',(-1.,0.,0.));
#1452 = PLANE('',#1453);
#1453 = AXIS2_PLACEMENT_3D('',#1454,#1455,#1456);
#1454 = CARTESIAN_POINT('',(11.885871922612,-12.93921514576,
    16.667054170624));
#1455 = DIRECTION('',(0.,0.980873073054,-0.194648438365));
#1456 = DIRECTION('',(0.,0.194648438365,0.980873073054));
#1457 = ADVANCED_FACE('',(#1458),#1468,.T.);
#1458 = FACE_BOUND('',#1459,.T.);
#1459 = EDGE_LOOP('',(#1460,#1466,#1467));
#1460 = ORIENTED_EDGE('',*,*,#1461,.T.);
#1461 = EDGE_CURVE('',#305,#335,#1462,.T.);
#1462 = LINE('',#1463,#1464);
#1463 = CARTESIAN_POINT('',(13.,-10.53199958801,19.697999954224));
#1464 = VECTOR('',#1465,1.);
#1465 = DIRECTION('',(0.,0.947144870149,0.320806164139));
#1466 = ORIENTED_EDGE('',*,*,#334,.F.);
#1467 = ORIENTED_EDGE('',*,*,#312,.F.);
#1468 = PLANE('',#1469);
#1469 = AXIS2_PLACEMENT_3D('',#1470,#1471,#1472);
#1470 = CARTESIAN_POINT('',(13.,-19.0289956009,24.826769901127));
#1471 = DIRECTION('',(1.,0.,0.));
#1472 = DIRECTION('',(-0.,0.,1.));
#1473 = ADVANCED_FACE('',(#1474),#1484,.T.);
#1474 = FACE_BOUND('',#1475,.T.);
#1475 = EDGE_LOOP('',(#1476,#1477,#1478));
#1476 = ORIENTED_EDGE('',*,*,#483,.F.);
#1477 = ORIENTED_EDGE('',*,*,#1384,.F.);
#1478 = ORIENTED_EDGE('',*,*,#1479,.T.);
#1479 = EDGE_CURVE('',#831,#454,#1480,.T.);
#1480 = LINE('',#1481,#1482);
#1481 = CARTESIAN_POINT('',(13.,-28.,0.));
#1482 = VECTOR('',#1483,1.);
#1483 = DIRECTION('',(0.,0.804865368872,0.593457444128));
#1484 = PLANE('',#1485);
#1485 = AXIS2_PLACEMENT_3D('',#1486,#1487,#1488);
#1486 = CARTESIAN_POINT('',(13.,-19.50579564805,6.417479890629));
#1487 = DIRECTION('',(1.,0.,0.));
#1488 = DIRECTION('',(-0.,0.,1.));
#1489 = ADVANCED_FACE('',(#1490),#1507,.T.);
#1490 = FACE_BOUND('',#1491,.T.);
#1491 = EDGE_LOOP('',(#1492,#1493,#1501));
#1492 = ORIENTED_EDGE('',*,*,#1190,.F.);
#1493 = ORIENTED_EDGE('',*,*,#1494,.T.);
#1494 = EDGE_CURVE('',#1183,#1495,#1497,.T.);
#1495 = VERTEX_POINT('',#1496);
#1496 = CARTESIAN_POINT('',(13.,-12.86600017547,14.96399974823));
#1497 = LINE('',#1498,#1499);
#1498 = CARTESIAN_POINT('',(13.,-12.69799995422,14.468000411987));
#1499 = VECTOR('',#1500,1.);
#1500 = DIRECTION('',(0.,-0.320807797822,0.947144316805));
#1501 = ORIENTED_EDGE('',*,*,#1502,.T.);
#1502 = EDGE_CURVE('',#1495,#831,#1503,.T.);
#1503 = LINE('',#1504,#1505);
#1504 = CARTESIAN_POINT('',(13.,-12.86600017547,14.96399974823));
#1505 = VECTOR('',#1506,1.);
#1506 = DIRECTION('',(0.,-0.711089332122,-0.703101672408));
#1507 = PLANE('',#1508);
#1508 = AXIS2_PLACEMENT_3D('',#1509,#1510,#1511);
#1509 = CARTESIAN_POINT('',(13.,-20.29826164649,7.448539504545));
#1510 = DIRECTION('',(1.,0.,0.));
#1511 = DIRECTION('',(-0.,0.,1.));
#1512 = ADVANCED_FACE('',(#1513),#1530,.T.);
#1513 = FACE_BOUND('',#1514,.T.);
#1514 = EDGE_LOOP('',(#1515,#1516,#1524));
#1515 = ORIENTED_EDGE('',*,*,#1502,.F.);
#1516 = ORIENTED_EDGE('',*,*,#1517,.T.);
#1517 = EDGE_CURVE('',#1495,#1518,#1520,.T.);
#1518 = VERTEX_POINT('',#1519);
#1519 = CARTESIAN_POINT('',(13.,-12.96800041198,15.477999687195));
#1520 = LINE('',#1521,#1522);
#1521 = CARTESIAN_POINT('',(13.,-12.86600017547,14.96399974823));
#1522 = VECTOR('',#1523,1.);
#1523 = DIRECTION('',(0.,-0.194648438365,0.980873073054));
#1524 = ORIENTED_EDGE('',*,*,#1525,.T.);
#1525 = EDGE_CURVE('',#1518,#831,#1526,.T.);
#1526 = LINE('',#1527,#1528);
#1527 = CARTESIAN_POINT('',(13.,-12.96800041198,15.477999687195));
#1528 = VECTOR('',#1529,1.);
#1529 = DIRECTION('',(0.,-0.696695745299,-0.71736673918));
#1530 = PLANE('',#1531);
#1531 = AXIS2_PLACEMENT_3D('',#1532,#1533,#1534);
#1532 = CARTESIAN_POINT('',(13.,-20.36757881718,7.703295765343));
#1533 = DIRECTION('',(1.,0.,0.));
#1534 = DIRECTION('',(-0.,0.,1.));
#1535 = ADVANCED_FACE('',(#1536),#1553,.T.);
#1536 = FACE_BOUND('',#1537,.T.);
#1537 = EDGE_LOOP('',(#1538,#1539,#1547));
#1538 = ORIENTED_EDGE('',*,*,#1525,.F.);
#1539 = ORIENTED_EDGE('',*,*,#1540,.T.);
#1540 = EDGE_CURVE('',#1518,#1541,#1543,.T.);
#1541 = VERTEX_POINT('',#1542);
#1542 = CARTESIAN_POINT('',(13.,-13.00300025939,16.));
#1543 = LINE('',#1544,#1545);
#1544 = CARTESIAN_POINT('',(13.,-12.96800041198,15.477999687195));
#1545 = VECTOR('',#1546,1.);
#1546 = DIRECTION('',(0.,-6.689926731661E-02,0.997759734622));
#1547 = ORIENTED_EDGE('',*,*,#1548,.T.);
#1548 = EDGE_CURVE('',#1541,#831,#1549,.T.);
#1549 = LINE('',#1550,#1551);
#1550 = CARTESIAN_POINT('',(13.,-13.00300025939,16.));
#1551 = VECTOR('',#1552,1.);
#1552 = DIRECTION('',(0.,-0.683868310318,-0.729605464716));
#1553 = PLANE('',#1554);
#1554 = AXIS2_PLACEMENT_3D('',#1555,#1556,#1557);
#1555 = CARTESIAN_POINT('',(13.,-20.40361583912,7.964056772259));
#1556 = DIRECTION('',(1.,0.,0.));
#1557 = DIRECTION('',(-0.,0.,1.));
#1558 = ADVANCED_FACE('',(#1559),#1574,.T.);
#1559 = FACE_BOUND('',#1560,.T.);
#1560 = EDGE_LOOP('',(#1561,#1567,#1573));
#1561 = ORIENTED_EDGE('',*,*,#1562,.T.);
#1562 = EDGE_CURVE('',#1541,#297,#1563,.T.);
#1563 = LINE('',#1564,#1565);
#1564 = CARTESIAN_POINT('',(13.,-13.00300025939,16.));
#1565 = VECTOR('',#1566,1.);
#1566 = DIRECTION('',(0.,-0.730987181686,0.682391192946));
#1567 = ORIENTED_EDGE('',*,*,#1568,.T.);
#1568 = EDGE_CURVE('',#297,#831,#1569,.T.);
#1569 = LINE('',#1570,#1571);
#1570 = CARTESIAN_POINT('',(13.,-28.,30.));
#1571 = VECTOR('',#1572,1.);
#1572 = DIRECTION('',(0.,0.,-1.));
#1573 = ORIENTED_EDGE('',*,*,#1548,.F.);
#1574 = PLANE('',#1575);
#1575 = AXIS2_PLACEMENT_3D('',#1576,#1577,#1578);
#1576 = CARTESIAN_POINT('',(13.,-23.60665110394,15.146607741871));
#1577 = DIRECTION('',(1.,0.,0.));
#1578 = DIRECTION('',(-0.,0.,1.));
#1579 = ADVANCED_FACE('',(#1580),#1595,.T.);
#1580 = FACE_BOUND('',#1581,.T.);
#1581 = EDGE_LOOP('',(#1582,#1583,#1589));
#1582 = ORIENTED_EDGE('',*,*,#1562,.F.);
#1583 = ORIENTED_EDGE('',*,*,#1584,.T.);
#1584 = EDGE_CURVE('',#1541,#1416,#1585,.T.);
#1585 = LINE('',#1586,#1587);
#1586 = CARTESIAN_POINT('',(13.,-13.00300025939,16.));
#1587 = VECTOR('',#1588,1.);
#1588 = DIRECTION('',(0.,6.689938899219E-02,0.997759726463));
#1589 = ORIENTED_EDGE('',*,*,#1590,.T.);
#1590 = EDGE_CURVE('',#1416,#297,#1591,.T.);
#1591 = LINE('',#1592,#1593);
#1592 = CARTESIAN_POINT('',(13.,-12.96800041198,16.521999359131));
#1593 = VECTOR('',#1594,1.);
#1594 = DIRECTION('',(0.,-0.744543947951,0.66757344882));
#1595 = PLANE('',#1596);
#1596 = AXIS2_PLACEMENT_3D('',#1597,#1598,#1599);
#1597 = CARTESIAN_POINT('',(13.,-20.39755649469,23.042295943986));
#1598 = DIRECTION('',(1.,0.,0.));
#1599 = DIRECTION('',(-0.,0.,1.));
#1600 = ADVANCED_FACE('',(#1601),#1611,.T.);
#1601 = FACE_BOUND('',#1602,.T.);
#1602 = EDGE_LOOP('',(#1603,#1604,#1610));
#1603 = ORIENTED_EDGE('',*,*,#1584,.F.);
#1604 = ORIENTED_EDGE('',*,*,#1605,.T.);
#1605 = EDGE_CURVE('',#1541,#1439,#1606,.T.);
#1606 = LINE('',#1607,#1608);
#1607 = CARTESIAN_POINT('',(13.,-13.00300025939,16.));
#1608 = VECTOR('',#1609,1.);
#1609 = DIRECTION('',(-0.967447833735,1.693026327995E-02,0.252503574601)
  );
#1610 = ORIENTED_EDGE('',*,*,#1447,.F.);
#1611 = PLANE('',#1612);
#1612 = AXIS2_PLACEMENT_3D('',#1613,#1614,#1615);
#1613 = CARTESIAN_POINT('',(12.113969119491,-12.97787587123,
    16.374713477054));
#1614 = DIRECTION('',(0.,0.997759726463,-6.689938899219E-02));
#1615 = DIRECTION('',(0.,6.689938899219E-02,0.997759726463));
#1616 = ADVANCED_FACE('',(#1617),#1641,.T.);
#1617 = FACE_BOUND('',#1618,.T.);
#1618 = EDGE_LOOP('',(#1619,#1629,#1635));
#1619 = ORIENTED_EDGE('',*,*,#1620,.T.);
#1620 = EDGE_CURVE('',#1621,#1623,#1625,.T.);
#1621 = VERTEX_POINT('',#1622);
#1622 = CARTESIAN_POINT('',(11.,-6.999000072479,19.465999603271));
#1623 = VERTEX_POINT('',#1624);
#1624 = CARTESIAN_POINT('',(11.,-7.46799993515,19.697999954224));
#1625 = LINE('',#1626,#1627);
#1626 = CARTESIAN_POINT('',(11.,-6.999000072479,19.465999603271));
#1627 = VECTOR('',#1628,1.);
#1628 = DIRECTION('',(0.,-0.896329857325,0.443387851511));
#1629 = ORIENTED_EDGE('',*,*,#1630,.T.);
#1630 = EDGE_CURVE('',#1623,#1356,#1631,.T.);
#1631 = LINE('',#1632,#1633);
#1632 = CARTESIAN_POINT('',(11.,-7.46799993515,19.697999954224));
#1633 = VECTOR('',#1634,1.);
#1634 = DIRECTION('',(0.,0.832298552285,0.554327628632));
#1635 = ORIENTED_EDGE('',*,*,#1636,.T.);
#1636 = EDGE_CURVE('',#1356,#1621,#1637,.T.);
#1637 = LINE('',#1638,#1639);
#1638 = CARTESIAN_POINT('',(11.,8.,30.));
#1639 = VECTOR('',#1640,1.);
#1640 = DIRECTION('',(0.,-0.818341492714,-0.574732286636));
#1641 = PLANE('',#1642);
#1642 = AXIS2_PLACEMENT_3D('',#1643,#1644,#1645);
#1643 = CARTESIAN_POINT('',(11.,0.275989392656,24.71859117999));
#1644 = DIRECTION('',(-1.,-0.,-0.));
#1645 = DIRECTION('',(0.,0.,-1.));
#1646 = ADVANCED_FACE('',(#1647),#1662,.T.);
#1647 = FACE_BOUND('',#1648,.T.);
#1648 = EDGE_LOOP('',(#1649,#1655,#1656));
#1649 = ORIENTED_EDGE('',*,*,#1650,.T.);
#1650 = EDGE_CURVE('',#831,#647,#1651,.T.);
#1651 = LINE('',#1652,#1653);
#1652 = CARTESIAN_POINT('',(13.,-28.,0.));
#1653 = VECTOR('',#1654,1.);
#1654 = DIRECTION('',(0.,0.828671086208,0.559735858136));
#1655 = ORIENTED_EDGE('',*,*,#676,.F.);
#1656 = ORIENTED_EDGE('',*,*,#1657,.T.);
#1657 = EDGE_CURVE('',#500,#831,#1658,.T.);
#1658 = LINE('',#1659,#1660);
#1659 = CARTESIAN_POINT('',(13.,-10.53199958801,12.302000045776));
#1660 = VECTOR('',#1661,1.);
#1661 = DIRECTION('',(0.,-0.817592610376,-0.575797120051));
#1662 = PLANE('',#1663);
#1663 = AXIS2_PLACEMENT_3D('',#1664,#1665,#1666);
#1664 = CARTESIAN_POINT('',(13.,-19.03463530218,6.182129085719));
#1665 = DIRECTION('',(1.,0.,0.));
#1666 = DIRECTION('',(-0.,0.,1.));
#1667 = ADVANCED_FACE('',(#1668),#1673,.T.);
#1668 = FACE_BOUND('',#1669,.T.);
#1669 = EDGE_LOOP('',(#1670,#1671,#1672));
#1670 = ORIENTED_EDGE('',*,*,#1657,.F.);
#1671 = ORIENTED_EDGE('',*,*,#529,.F.);
#1672 = ORIENTED_EDGE('',*,*,#1479,.F.);
#1673 = PLANE('',#1674);
#1674 = AXIS2_PLACEMENT_3D('',#1675,#1676,#1677);
#1675 = CARTESIAN_POINT('',(13.,-19.27775075718,6.284208821751));
#1676 = DIRECTION('',(1.,0.,0.));
#1677 = DIRECTION('',(-0.,0.,1.));
#1678 = ADVANCED_FACE('',(#1679),#1689,.T.);
#1679 = FACE_BOUND('',#1680,.T.);
#1680 = EDGE_LOOP('',(#1681,#1687,#1688));
#1681 = ORIENTED_EDGE('',*,*,#1682,.T.);
#1682 = EDGE_CURVE('',#831,#896,#1683,.T.);
#1683 = LINE('',#1684,#1685);
#1684 = CARTESIAN_POINT('',(13.,-28.,0.));
#1685 = VECTOR('',#1686,1.);
#1686 = DIRECTION('',(0.,0.838001947228,0.545667239663));
#1687 = ORIENTED_EDGE('',*,*,#925,.F.);
#1688 = ORIENTED_EDGE('',*,*,#1650,.F.);
#1689 = PLANE('',#1690);
#1690 = AXIS2_PLACEMENT_3D('',#1691,#1692,#1693);
#1691 = CARTESIAN_POINT('',(13.,-18.78053576016,6.112827391378));
#1692 = DIRECTION('',(1.,0.,0.));
#1693 = DIRECTION('',(-0.,0.,1.));
#1694 = ADVANCED_FACE('',(#1695),#1705,.T.);
#1695 = FACE_BOUND('',#1696,.T.);
#1696 = EDGE_LOOP('',(#1697,#1703,#1704));
#1697 = ORIENTED_EDGE('',*,*,#1698,.T.);
#1698 = EDGE_CURVE('',#831,#1066,#1699,.T.);
#1699 = LINE('',#1700,#1701);
#1700 = CARTESIAN_POINT('',(13.,-28.,0.));
#1701 = VECTOR('',#1702,1.);
#1702 = DIRECTION('',(0.,0.845529081285,0.533929370517));
#1703 = ORIENTED_EDGE('',*,*,#1074,.F.);
#1704 = ORIENTED_EDGE('',*,*,#1682,.F.);
#1705 = PLANE('',#1706);
#1706 = AXIS2_PLACEMENT_3D('',#1707,#1708,#1709);
#1707 = CARTESIAN_POINT('',(13.,-18.52047076089,6.077186480594));
#1708 = DIRECTION('',(1.,0.,0.));
#1709 = DIRECTION('',(-0.,0.,1.));
#1710 = ADVANCED_FACE('',(#1711),#1728,.T.);
#1711 = FACE_BOUND('',#1712,.T.);
#1712 = EDGE_LOOP('',(#1713,#1721,#1727));
#1713 = ORIENTED_EDGE('',*,*,#1714,.T.);
#1714 = EDGE_CURVE('',#1623,#1715,#1717,.T.);
#1715 = VERTEX_POINT('',#1716);
#1716 = CARTESIAN_POINT('',(11.,-7.964000225067,19.865999221802));
#1717 = LINE('',#1718,#1719);
#1718 = CARTESIAN_POINT('',(11.,-7.46799993515,19.697999954224));
#1719 = VECTOR('',#1720,1.);
#1720 = DIRECTION('',(0.,-0.947145057571,0.320805610797));
#1721 = ORIENTED_EDGE('',*,*,#1722,.T.);
#1722 = EDGE_CURVE('',#1715,#1356,#1723,.T.);
#1723 = LINE('',#1724,#1725);
#1724 = CARTESIAN_POINT('',(11.,-7.964000225067,19.865999221802));
#1725 = VECTOR('',#1726,1.);
#1726 = DIRECTION('',(0.,0.844257619798,0.53593756298));
#1727 = ORIENTED_EDGE('',*,*,#1630,.F.);
#1728 = PLANE('',#1729);
#1729 = AXIS2_PLACEMENT_3D('',#1730,#1731,#1732);
#1730 = CARTESIAN_POINT('',(11.,3.270022261923E-02,24.820982689786));
#1731 = DIRECTION('',(-1.,-0.,-0.));
#1732 = DIRECTION('',(0.,0.,-1.));
#1733 = ADVANCED_FACE('',(#1734),#1751,.T.);
#1734 = FACE_BOUND('',#1735,.T.);
#1735 = EDGE_LOOP('',(#1736,#1744,#1750));
#1736 = ORIENTED_EDGE('',*,*,#1737,.T.);
#1737 = EDGE_CURVE('',#1356,#1738,#1740,.T.);
#1738 = VERTEX_POINT('',#1739);
#1739 = CARTESIAN_POINT('',(11.,-6.563000202179,19.174999237061));
#1740 = LINE('',#1741,#1742);
#1741 = CARTESIAN_POINT('',(11.,8.,30.));
#1742 = VECTOR('',#1743,1.);
#1743 = DIRECTION('',(0.,-0.802565159749,-0.596564467897));
#1744 = ORIENTED_EDGE('',*,*,#1745,.T.);
#1745 = EDGE_CURVE('',#1738,#1621,#1746,.T.);
#1746 = LINE('',#1747,#1748);
#1747 = CARTESIAN_POINT('',(11.,-6.563000202179,19.174999237061));
#1748 = VECTOR('',#1749,1.);
#1749 = DIRECTION('',(0.,-0.831756286912,0.555140954338));
#1750 = ORIENTED_EDGE('',*,*,#1636,.F.);
#1751 = PLANE('',#1752);
#1752 = AXIS2_PLACEMENT_3D('',#1753,#1754,#1755);
#1753 = CARTESIAN_POINT('',(11.,0.504252284871,24.584955892787));
#1754 = DIRECTION('',(-1.,-0.,-0.));
#1755 = DIRECTION('',(0.,0.,-1.));
#1756 = ADVANCED_FACE('',(#1757),#1779,.T.);
#1757 = FACE_BOUND('',#1758,.T.);
#1758 = EDGE_LOOP('',(#1759,#1767,#1773));
#1759 = ORIENTED_EDGE('',*,*,#1760,.T.);
#1760 = EDGE_CURVE('',#1761,#1113,#1763,.T.);
#1761 = VERTEX_POINT('',#1762);
#1762 = CARTESIAN_POINT('',(11.,-5.03200006485,16.521999359131));
#1763 = LINE('',#1764,#1765);
#1764 = CARTESIAN_POINT('',(11.,-5.03200006485,16.521999359131));
#1765 = VECTOR('',#1766,1.);
#1766 = DIRECTION('',(0.,6.499630054008E-02,-0.997885504913));
#1767 = ORIENTED_EDGE('',*,*,#1768,.T.);
#1768 = EDGE_CURVE('',#1113,#785,#1769,.T.);
#1769 = LINE('',#1770,#1771);
#1770 = CARTESIAN_POINT('',(11.,-4.998000144958,16.));
#1771 = VECTOR('',#1772,1.);
#1772 = DIRECTION('',(1.,0.,0.));
#1773 = ORIENTED_EDGE('',*,*,#1774,.T.);
#1774 = EDGE_CURVE('',#785,#1761,#1775,.T.);
#1775 = LINE('',#1776,#1777);
#1776 = CARTESIAN_POINT('',(13.,-4.998000144958,16.));
#1777 = VECTOR('',#1778,1.);
#1778 = DIRECTION('',(-0.967455643071,-1.644670718142E-02,0.252505612835
    ));
#1779 = PLANE('',#1780);
#1780 = AXIS2_PLACEMENT_3D('',#1781,#1782,#1783);
#1781 = CARTESIAN_POINT('',(11.886043194471,-5.007593334123,
    16.147283835142));
#1782 = DIRECTION('',(-0.,-0.997885504913,-6.499630054008E-02));
#1783 = DIRECTION('',(0.,6.499630054008E-02,-0.997885504913));
#1784 = ADVANCED_FACE('',(#1785),#1802,.T.);
#1785 = FACE_BOUND('',#1786,.T.);
#1786 = EDGE_LOOP('',(#1787,#1795,#1801));
#1787 = ORIENTED_EDGE('',*,*,#1788,.T.);
#1788 = EDGE_CURVE('',#785,#1789,#1791,.T.);
#1789 = VERTEX_POINT('',#1790);
#1790 = CARTESIAN_POINT('',(13.,-5.03200006485,16.521999359131));
#1791 = LINE('',#1792,#1793);
#1792 = CARTESIAN_POINT('',(13.,-4.998000144958,16.));
#1793 = VECTOR('',#1794,1.);
#1794 = DIRECTION('',(0.,-6.499630054008E-02,0.997885504913));
#1795 = ORIENTED_EDGE('',*,*,#1796,.T.);
#1796 = EDGE_CURVE('',#1789,#1761,#1797,.T.);
#1797 = LINE('',#1798,#1799);
#1798 = CARTESIAN_POINT('',(13.,-5.03200006485,16.521999359131));
#1799 = VECTOR('',#1800,1.);
#1800 = DIRECTION('',(-1.,0.,0.));
#1801 = ORIENTED_EDGE('',*,*,#1774,.F.);
#1802 = PLANE('',#1803);
#1803 = AXIS2_PLACEMENT_3D('',#1804,#1805,#1806);
#1804 = CARTESIAN_POINT('',(12.113956805529,-5.022406875685,
    16.374715523989));
#1805 = DIRECTION('',(-0.,-0.997885504913,-6.499630054008E-02));
#1806 = DIRECTION('',(0.,6.499630054008E-02,-0.997885504913));
#1807 = ADVANCED_FACE('',(#1808),#1830,.T.);
#1808 = FACE_BOUND('',#1809,.T.);
#1809 = EDGE_LOOP('',(#1810,#1818,#1824));
#1810 = ORIENTED_EDGE('',*,*,#1811,.T.);
#1811 = EDGE_CURVE('',#1812,#1011,#1814,.T.);
#1812 = VERTEX_POINT('',#1813);
#1813 = CARTESIAN_POINT('',(-69.,-28.,30.));
#1814 = LINE('',#1815,#1816);
#1815 = CARTESIAN_POINT('',(-69.,-28.,30.));
#1816 = VECTOR('',#1817,1.);
#1817 = DIRECTION('',(0.,0.784882765533,-0.619644288579));
#1818 = ORIENTED_EDGE('',*,*,#1819,.T.);
#1819 = EDGE_CURVE('',#1011,#829,#1820,.T.);
#1820 = LINE('',#1821,#1822);
#1821 = CARTESIAN_POINT('',(-69.,10.,0.));
#1822 = VECTOR('',#1823,1.);
#1823 = DIRECTION('',(0.,-1.,0.));
#1824 = ORIENTED_EDGE('',*,*,#1825,.T.);
#1825 = EDGE_CURVE('',#829,#1812,#1826,.T.);
#1826 = LINE('',#1827,#1828);
#1827 = CARTESIAN_POINT('',(-69.,-28.,0.));
#1828 = VECTOR('',#1829,1.);
#1829 = DIRECTION('',(0.,0.,1.));
#1830 = PLANE('',#1831);
#1831 = AXIS2_PLACEMENT_3D('',#1832,#1833,#1834);
#1832 = CARTESIAN_POINT('',(-69.,-13.89628156309,10.10371843691));
#1833 = DIRECTION('',(-1.,-0.,-0.));
#1834 = DIRECTION('',(0.,0.,-1.));
#1835 = ADVANCED_FACE('',(#1836),#1846,.T.);
#1836 = FACE_BOUND('',#1837,.T.);
#1837 = EDGE_LOOP('',(#1838,#1844,#1845));
#1838 = ORIENTED_EDGE('',*,*,#1839,.T.);
#1839 = EDGE_CURVE('',#1812,#1013,#1840,.T.);
#1840 = LINE('',#1841,#1842);
#1841 = CARTESIAN_POINT('',(-69.,-28.,30.));
#1842 = VECTOR('',#1843,1.);
#1843 = DIRECTION('',(0.,1.,0.));
#1844 = ORIENTED_EDGE('',*,*,#1010,.F.);
#1845 = ORIENTED_EDGE('',*,*,#1811,.F.);
#1846 = PLANE('',#1847);
#1847 = AXIS2_PLACEMENT_3D('',#1848,#1849,#1850);
#1848 = CARTESIAN_POINT('',(-69.,-4.10371843691,19.89628156309));
#1849 = DIRECTION('',(-1.,-0.,-0.));
#1850 = DIRECTION('',(0.,0.,-1.));
#1851 = ADVANCED_FACE('',(#1852),#1862,.T.);
#1852 = FACE_BOUND('',#1853,.T.);
#1853 = EDGE_LOOP('',(#1854,#1855,#1856));
#1854 = ORIENTED_EDGE('',*,*,#259,.F.);
#1855 = ORIENTED_EDGE('',*,*,#296,.F.);
#1856 = ORIENTED_EDGE('',*,*,#1857,.T.);
#1857 = EDGE_CURVE('',#297,#242,#1858,.T.);
#1858 = LINE('',#1859,#1860);
#1859 = CARTESIAN_POINT('',(13.,-28.,30.));
#1860 = VECTOR('',#1861,1.);
#1861 = DIRECTION('',(0.,0.837077305174,-0.547084623402));
#1862 = PLANE('',#1863);
#1863 = AXIS2_PLACEMENT_3D('',#1864,#1865,#1866);
#1864 = CARTESIAN_POINT('',(13.,-19.49981562162,24.591191944692));
#1865 = DIRECTION('',(1.,0.,0.));
#1866 = DIRECTION('',(-0.,0.,1.));
#1867 = ADVANCED_FACE('',(#1868),#1878,.T.);
#1868 = FACE_BOUND('',#1869,.T.);
#1869 = EDGE_LOOP('',(#1870,#1876,#1877));
#1870 = ORIENTED_EDGE('',*,*,#1871,.T.);
#1871 = EDGE_CURVE('',#297,#546,#1872,.T.);
#1872 = LINE('',#1873,#1874);
#1873 = CARTESIAN_POINT('',(13.,-28.,30.));
#1874 = VECTOR('',#1875,1.);
#1875 = DIRECTION('',(0.,0.822777927151,-0.568362984891));
#1876 = ORIENTED_EDGE('',*,*,#554,.F.);
#1877 = ORIENTED_EDGE('',*,*,#1857,.F.);
#1878 = PLANE('',#1879);
#1879 = AXIS2_PLACEMENT_3D('',#1880,#1881,#1882);
#1880 = CARTESIAN_POINT('',(13.,-19.70933591352,24.429582357632));
#1881 = DIRECTION('',(1.,0.,0.));
#1882 = DIRECTION('',(-0.,0.,1.));
#1883 = ADVANCED_FACE('',(#1884),#1899,.T.);
#1884 = FACE_BOUND('',#1885,.T.);
#1885 = EDGE_LOOP('',(#1886,#1887,#1893));
#1886 = ORIENTED_EDGE('',*,*,#1698,.F.);
#1887 = ORIENTED_EDGE('',*,*,#1888,.T.);
#1888 = EDGE_CURVE('',#831,#22,#1889,.T.);
#1889 = LINE('',#1890,#1891);
#1890 = CARTESIAN_POINT('',(13.,-28.,0.));
#1891 = VECTOR('',#1892,1.);
#1892 = DIRECTION('',(0.,1.,0.));
#1893 = ORIENTED_EDGE('',*,*,#1894,.T.);
#1894 = EDGE_CURVE('',#22,#1066,#1895,.T.);
#1895 = LINE('',#1896,#1897);
#1896 = CARTESIAN_POINT('',(13.,10.,0.));
#1897 = VECTOR('',#1898,1.);
#1898 = DIRECTION('',(0.,-0.845529081285,0.533929370517));
#1899 = PLANE('',#1900);
#1900 = AXIS2_PLACEMENT_3D('',#1901,#1902,#1903);
#1901 = CARTESIAN_POINT('',(13.,-9.,3.250558408054));
#1902 = DIRECTION('',(1.,0.,0.));
#1903 = DIRECTION('',(-0.,0.,1.));
#1904 = ADVANCED_FACE('',(#1905),#1929,.T.);
#1905 = FACE_BOUND('',#1906,.T.);
#1906 = EDGE_LOOP('',(#1907,#1917,#1923));
#1907 = ORIENTED_EDGE('',*,*,#1908,.T.);
#1908 = EDGE_CURVE('',#1909,#1911,#1913,.T.);
#1909 = VERTEX_POINT('',#1910);
#1910 = CARTESIAN_POINT('',(11.,-12.46599960327,13.998999595642));
#1911 = VERTEX_POINT('',#1912);
#1912 = CARTESIAN_POINT('',(11.,-12.17500019073,13.562999725342));
#1913 = LINE('',#1914,#1915);
#1914 = CARTESIAN_POINT('',(11.,-12.46599960327,13.998999595642));
#1915 = VECTOR('',#1916,1.);
#1916 = DIRECTION('',(0.,0.555139695694,-0.831757126969));
#1917 = ORIENTED_EDGE('',*,*,#1918,.T.);
#1918 = EDGE_CURVE('',#1911,#624,#1919,.T.);
#1919 = LINE('',#1920,#1921);
#1920 = CARTESIAN_POINT('',(11.,-12.17500019073,13.562999725342));
#1921 = VECTOR('',#1922,1.);
#1922 = DIRECTION('',(0.,-0.767069426422,-0.641564100499));
#1923 = ORIENTED_EDGE('',*,*,#1924,.T.);
#1924 = EDGE_CURVE('',#624,#1909,#1925,.T.);
#1925 = LINE('',#1926,#1927);
#1926 = CARTESIAN_POINT('',(11.,-26.,2.));
#1927 = VECTOR('',#1928,1.);
#1928 = DIRECTION('',(0.,0.748265869796,0.663398966006));
#1929 = PLANE('',#1930);
#1930 = AXIS2_PLACEMENT_3D('',#1931,#1932,#1933);
#1931 = CARTESIAN_POINT('',(11.,-19.06250924027,7.974975601681));
#1932 = DIRECTION('',(-1.,-0.,-0.));
#1933 = DIRECTION('',(0.,0.,-1.));
#1934 = ADVANCED_FACE('',(#1935),#1961,.T.);
#1935 = FACE_BOUND('',#1936,.T.);
#1936 = EDGE_LOOP('',(#1937,#1947,#1955));
#1937 = ORIENTED_EDGE('',*,*,#1938,.T.);
#1938 = EDGE_CURVE('',#1939,#1941,#1943,.T.);
#1939 = VERTEX_POINT('',#1940);
#1940 = CARTESIAN_POINT('',(-67.,8.,30.));
#1941 = VERTEX_POINT('',#1942);
#1942 = CARTESIAN_POINT('',(11.,10.,30.));
#1943 = LINE('',#1944,#1945);
#1944 = CARTESIAN_POINT('',(-67.,8.,30.));
#1945 = VECTOR('',#1946,1.);
#1946 = DIRECTION('',(0.999671430909,2.563260079255E-02,0.));
#1947 = ORIENTED_EDGE('',*,*,#1948,.T.);
#1948 = EDGE_CURVE('',#1941,#1949,#1951,.T.);
#1949 = VERTEX_POINT('',#1950);
#1950 = CARTESIAN_POINT('',(-67.,10.,30.));
#1951 = LINE('',#1952,#1953);
#1952 = CARTESIAN_POINT('',(11.,10.,30.));
#1953 = VECTOR('',#1954,1.);
#1954 = DIRECTION('',(-1.,0.,0.));
#1955 = ORIENTED_EDGE('',*,*,#1956,.T.);
#1956 = EDGE_CURVE('',#1949,#1939,#1957,.T.);
#1957 = LINE('',#1958,#1959);
#1958 = CARTESIAN_POINT('',(-67.,10.,30.));
#1959 = VECTOR('',#1960,1.);
#1960 = DIRECTION('',(0.,-1.,0.));
#1961 = PLANE('',#1962);
#1962 = AXIS2_PLACEMENT_3D('',#1963,#1964,#1965);
#1963 = CARTESIAN_POINT('',(-28.49359079686,9.493590796869,30.));
#1964 = DIRECTION('',(0.,0.,1.));
#1965 = DIRECTION('',(1.,0.,-0.));
#1966 = ADVANCED_FACE('',(#1967),#1982,.T.);
#1967 = FACE_BOUND('',#1968,.T.);
#1968 = EDGE_LOOP('',(#1969,#1975,#1976));
#1969 = ORIENTED_EDGE('',*,*,#1970,.T.);
#1970 = EDGE_CURVE('',#1356,#1941,#1971,.T.);
#1971 = LINE('',#1972,#1973);
#1972 = CARTESIAN_POINT('',(11.,8.,30.));
#1973 = VECTOR('',#1974,1.);
#1974 = DIRECTION('',(0.,1.,0.));
#1975 = ORIENTED_EDGE('',*,*,#1938,.F.);
#1976 = ORIENTED_EDGE('',*,*,#1977,.T.);
#1977 = EDGE_CURVE('',#1939,#1356,#1978,.T.);
#1978 = LINE('',#1979,#1980);
#1979 = CARTESIAN_POINT('',(-67.,8.,30.));
#1980 = VECTOR('',#1981,1.);
#1981 = DIRECTION('',(1.,0.,0.));
#1982 = PLANE('',#1983);
#1983 = AXIS2_PLACEMENT_3D('',#1984,#1985,#1986);
#1984 = CARTESIAN_POINT('',(-27.50640920313,8.506409203131,30.));
#1985 = DIRECTION('',(0.,0.,1.));
#1986 = DIRECTION('',(1.,0.,-0.));
#1987 = ADVANCED_FACE('',(#1988),#1998,.T.);
#1988 = FACE_BOUND('',#1989,.T.);
#1989 = EDGE_LOOP('',(#1990,#1996,#1997));
#1990 = ORIENTED_EDGE('',*,*,#1991,.T.);
#1991 = EDGE_CURVE('',#297,#693,#1992,.T.);
#1992 = LINE('',#1993,#1994);
#1993 = CARTESIAN_POINT('',(13.,-28.,30.));
#1994 = VECTOR('',#1995,1.);
#1995 = DIRECTION('',(0.,0.807425712953,-0.589969251794));
#1996 = ORIENTED_EDGE('',*,*,#701,.F.);
#1997 = ORIENTED_EDGE('',*,*,#1871,.F.);
#1998 = PLANE('',#1999);
#1999 = AXIS2_PLACEMENT_3D('',#2000,#2001,#2002);
#2000 = CARTESIAN_POINT('',(13.,-19.89596965675,24.242161539693));
#2001 = DIRECTION('',(1.,0.,0.));
#2002 = DIRECTION('',(-0.,0.,1.));
#2003 = ADVANCED_FACE('',(#2004),#2021,.T.);
#2004 = FACE_BOUND('',#2005,.T.);
#2005 = EDGE_LOOP('',(#2006,#2014,#2020));
#2006 = ORIENTED_EDGE('',*,*,#2007,.T.);
#2007 = EDGE_CURVE('',#1715,#2008,#2010,.T.);
#2008 = VERTEX_POINT('',#2009);
#2009 = CARTESIAN_POINT('',(11.,-8.477999687195,19.968000411987));
#2010 = LINE('',#2011,#2012);
#2011 = CARTESIAN_POINT('',(11.,-7.964000225067,19.865999221802));
#2012 = VECTOR('',#2013,1.);
#2013 = DIRECTION('',(0.,-0.980872691108,0.194650363056));
#2014 = ORIENTED_EDGE('',*,*,#2015,.T.);
#2015 = EDGE_CURVE('',#2008,#1356,#2016,.T.);
#2016 = LINE('',#2017,#2018);
#2017 = CARTESIAN_POINT('',(11.,-8.477999687195,19.968000411987));
#2018 = VECTOR('',#2019,1.);
#2019 = DIRECTION('',(0.,0.854154514879,0.520019292634));
#2020 = ORIENTED_EDGE('',*,*,#1722,.F.);
#2021 = PLANE('',#2022);
#2022 = AXIS2_PLACEMENT_3D('',#2023,#2024,#2025);
#2023 = CARTESIAN_POINT('',(11.,-0.221521544315,24.890530032458));
#2024 = DIRECTION('',(-1.,-0.,-0.));
#2025 = DIRECTION('',(0.,0.,-1.));
#2026 = ADVANCED_FACE('',(#2027),#2051,.T.);
#2027 = FACE_BOUND('',#2028,.T.);
#2028 = EDGE_LOOP('',(#2029,#2037,#2045));
#2029 = ORIENTED_EDGE('',*,*,#2030,.T.);
#2030 = EDGE_CURVE('',#1761,#2031,#2033,.T.);
#2031 = VERTEX_POINT('',#2032);
#2032 = CARTESIAN_POINT('',(13.,-5.133999824524,17.035999298096));
#2033 = LINE('',#2034,#2035);
#2034 = CARTESIAN_POINT('',(11.,-5.03200006485,16.521999359131));
#2035 = VECTOR('',#2036,1.);
#2036 = DIRECTION('',(0.967346936515,-4.933457752301E-02,0.248608133163)
  );
#2037 = ORIENTED_EDGE('',*,*,#2038,.T.);
#2038 = EDGE_CURVE('',#2031,#2039,#2041,.T.);
#2039 = VERTEX_POINT('',#2040);
#2040 = CARTESIAN_POINT('',(11.,-5.133999824524,17.035999298096));
#2041 = LINE('',#2042,#2043);
#2042 = CARTESIAN_POINT('',(13.,-5.133999824524,17.035999298096));
#2043 = VECTOR('',#2044,1.);
#2044 = DIRECTION('',(-1.,0.,0.));
#2045 = ORIENTED_EDGE('',*,*,#2046,.T.);
#2046 = EDGE_CURVE('',#2039,#1761,#2047,.T.);
#2047 = LINE('',#2048,#2049);
#2048 = CARTESIAN_POINT('',(11.,-5.133999824524,17.035999298096));
#2049 = VECTOR('',#2050,1.);
#2050 = DIRECTION('',(0.,0.194647562886,-0.980873246787));
#2051 = PLANE('',#2052);
#2052 = AXIS2_PLACEMENT_3D('',#2053,#2054,#2055);
#2053 = CARTESIAN_POINT('',(11.885871939934,-5.105214693436,
    16.890944489439));
#2054 = DIRECTION('',(-0.,-0.980873246787,-0.194647562886));
#2055 = DIRECTION('',(0.,0.194647562886,-0.980873246787));
#2056 = ADVANCED_FACE('',(#2057),#2067,.T.);
#2057 = FACE_BOUND('',#2058,.T.);
#2058 = EDGE_LOOP('',(#2059,#2065,#2066));
#2059 = ORIENTED_EDGE('',*,*,#2060,.T.);
#2060 = EDGE_CURVE('',#1789,#2031,#2061,.T.);
#2061 = LINE('',#2062,#2063);
#2062 = CARTESIAN_POINT('',(13.,-5.03200006485,16.521999359131));
#2063 = VECTOR('',#2064,1.);
#2064 = DIRECTION('',(0.,-0.194647562886,0.980873246787));
#2065 = ORIENTED_EDGE('',*,*,#2030,.F.);
#2066 = ORIENTED_EDGE('',*,*,#1796,.F.);
#2067 = PLANE('',#2068);
#2068 = AXIS2_PLACEMENT_3D('',#2069,#2070,#2071);
#2069 = CARTESIAN_POINT('',(12.114128060066,-5.060785195938,
    16.667054167787));
#2070 = DIRECTION('',(-0.,-0.980873246787,-0.194647562886));
#2071 = DIRECTION('',(0.,0.194647562886,-0.980873246787));
#2072 = ADVANCED_FACE('',(#2073),#2083,.T.);
#2073 = FACE_BOUND('',#2074,.T.);
#2074 = EDGE_LOOP('',(#2075,#2081,#2082));
#2075 = ORIENTED_EDGE('',*,*,#2076,.T.);
#2076 = EDGE_CURVE('',#297,#942,#2077,.T.);
#2077 = LINE('',#2078,#2079);
#2078 = CARTESIAN_POINT('',(13.,-28.,30.));
#2079 = VECTOR('',#2080,1.);
#2080 = DIRECTION('',(0.,0.791397024042,-0.611302503134));
#2081 = ORIENTED_EDGE('',*,*,#950,.F.);
#2082 = ORIENTED_EDGE('',*,*,#1991,.F.);
#2083 = PLANE('',#2084);
#2084 = AXIS2_PLACEMENT_3D('',#2085,#2086,#2087);
#2085 = CARTESIAN_POINT('',(13.,-20.05692441299,24.031744477915));
#2086 = DIRECTION('',(1.,0.,0.));
#2087 = DIRECTION('',(-0.,0.,1.));
#2088 = ADVANCED_FACE('',(#2089),#2106,.T.);
#2089 = FACE_BOUND('',#2090,.T.);
#2090 = EDGE_LOOP('',(#2091,#2099,#2105));
#2091 = ORIENTED_EDGE('',*,*,#2092,.T.);
#2092 = EDGE_CURVE('',#2008,#2093,#2095,.T.);
#2093 = VERTEX_POINT('',#2094);
#2094 = CARTESIAN_POINT('',(11.,-9.,20.003000259399));
#2095 = LINE('',#2096,#2097);
#2096 = CARTESIAN_POINT('',(11.,-8.477999687195,19.968000411987));
#2097 = VECTOR('',#2098,1.);
#2098 = DIRECTION('',(0.,-0.997759734622,6.689926731661E-02));
#2099 = ORIENTED_EDGE('',*,*,#2100,.T.);
#2100 = EDGE_CURVE('',#2093,#1356,#2101,.T.);
#2101 = LINE('',#2102,#2103);
#2102 = CARTESIAN_POINT('',(11.,-9.,20.003000259399));
#2103 = VECTOR('',#2104,1.);
#2104 = DIRECTION('',(0.,0.862000691698,0.506907099488));
#2105 = ORIENTED_EDGE('',*,*,#2015,.F.);
#2106 = PLANE('',#2107);
#2107 = AXIS2_PLACEMENT_3D('',#2108,#2109,#2110);
#2108 = CARTESIAN_POINT('',(11.,-0.481670240507,24.926585888663));
#2109 = DIRECTION('',(-1.,-0.,-0.));
#2110 = DIRECTION('',(0.,0.,-1.));
#2111 = ADVANCED_FACE('',(#2112),#2136,.T.);
#2112 = FACE_BOUND('',#2113,.T.);
#2113 = EDGE_LOOP('',(#2114,#2122,#2130));
#2114 = ORIENTED_EDGE('',*,*,#2115,.T.);
#2115 = EDGE_CURVE('',#2039,#2116,#2118,.T.);
#2116 = VERTEX_POINT('',#2117);
#2117 = CARTESIAN_POINT('',(13.,-5.302000045776,17.531999588013));
#2118 = LINE('',#2119,#2120);
#2119 = CARTESIAN_POINT('',(11.,-5.133999824524,17.035999298096));
#2120 = VECTOR('',#2121,1.);
#2121 = DIRECTION('',(0.967387619691,-8.126066707248E-02,0.239912269914)
  );
#2122 = ORIENTED_EDGE('',*,*,#2123,.T.);
#2123 = EDGE_CURVE('',#2116,#2124,#2126,.T.);
#2124 = VERTEX_POINT('',#2125);
#2125 = CARTESIAN_POINT('',(11.,-5.302000045776,17.531999588013));
#2126 = LINE('',#2127,#2128);
#2127 = CARTESIAN_POINT('',(13.,-5.302000045776,17.531999588013));
#2128 = VECTOR('',#2129,1.);
#2129 = DIRECTION('',(-1.,0.,0.));
#2130 = ORIENTED_EDGE('',*,*,#2131,.T.);
#2131 = EDGE_CURVE('',#2124,#2039,#2132,.T.);
#2132 = LINE('',#2133,#2134);
#2133 = CARTESIAN_POINT('',(11.,-5.302000045776,17.531999588013));
#2134 = VECTOR('',#2135,1.);
#2135 = DIRECTION('',(0.,0.320807244478,-0.947144504229));
#2136 = PLANE('',#2137);
#2137 = AXIS2_PLACEMENT_3D('',#2138,#2139,#2140);
#2138 = CARTESIAN_POINT('',(11.88593599203,-5.254592495241,
    17.392034541333));
#2139 = DIRECTION('',(-0.,-0.947144504229,-0.320807244478));
#2140 = DIRECTION('',(0.,0.320807244478,-0.947144504229));
#2141 = ADVANCED_FACE('',(#2142),#2152,.T.);
#2142 = FACE_BOUND('',#2143,.T.);
#2143 = EDGE_LOOP('',(#2144,#2150,#2151));
#2144 = ORIENTED_EDGE('',*,*,#2145,.T.);
#2145 = EDGE_CURVE('',#2031,#2116,#2146,.T.);
#2146 = LINE('',#2147,#2148);
#2147 = CARTESIAN_POINT('',(13.,-5.133999824524,17.035999298096));
#2148 = VECTOR('',#2149,1.);
#2149 = DIRECTION('',(0.,-0.320807244478,0.947144504229));
#2150 = ORIENTED_EDGE('',*,*,#2115,.F.);
#2151 = ORIENTED_EDGE('',*,*,#2038,.F.);
#2152 = PLANE('',#2153);
#2153 = AXIS2_PLACEMENT_3D('',#2154,#2155,#2156);
#2154 = CARTESIAN_POINT('',(12.11406400797,-5.181407375059,
    17.175964344775));
#2155 = DIRECTION('',(-0.,-0.947144504229,-0.320807244478));
#2156 = DIRECTION('',(0.,0.320807244478,-0.947144504229));
#2157 = ADVANCED_FACE('',(#2158),#2168,.T.);
#2158 = FACE_BOUND('',#2159,.T.);
#2159 = EDGE_LOOP('',(#2160,#2166,#2167));
#2160 = ORIENTED_EDGE('',*,*,#2161,.T.);
#2161 = EDGE_CURVE('',#297,#1135,#2162,.T.);
#2162 = LINE('',#2163,#2164);
#2163 = CARTESIAN_POINT('',(13.,-28.,30.));
#2164 = VECTOR('',#2165,1.);
#2165 = DIRECTION('',(0.,0.77524232708,-0.631663940956));
#2166 = ORIENTED_EDGE('',*,*,#1143,.F.);
#2167 = ORIENTED_EDGE('',*,*,#2076,.F.);
#2168 = PLANE('',#2169);
#2169 = AXIS2_PLACEMENT_3D('',#2170,#2171,#2172);
#2170 = CARTESIAN_POINT('',(13.,-20.19003949501,23.802692894586));
#2171 = DIRECTION('',(1.,0.,0.));
#2172 = DIRECTION('',(-0.,0.,1.));
#2173 = ADVANCED_FACE('',(#2174),#2184,.T.);
#2174 = FACE_BOUND('',#2175,.T.);
#2175 = EDGE_LOOP('',(#2176,#2182,#2183));
#2176 = ORIENTED_EDGE('',*,*,#2177,.T.);
#2177 = EDGE_CURVE('',#297,#1280,#2178,.T.);
#2178 = LINE('',#2179,#2180);
#2179 = CARTESIAN_POINT('',(13.,-28.,30.));
#2180 = VECTOR('',#2181,1.);
#2181 = DIRECTION('',(0.,0.759454912602,-0.650559940148));
#2182 = ORIENTED_EDGE('',*,*,#1288,.F.);
#2183 = ORIENTED_EDGE('',*,*,#2161,.F.);
#2184 = PLANE('',#2185);
#2185 = AXIS2_PLACEMENT_3D('',#2186,#2187,#2188);
#2186 = CARTESIAN_POINT('',(13.,-20.29205034513,23.558569806954));
#2187 = DIRECTION('',(1.,0.,0.));
#2188 = DIRECTION('',(-0.,0.,1.));
#2189 = ADVANCED_FACE('',(#2190),#2205,.T.);
#2190 = FACE_BOUND('',#2191,.T.);
#2191 = EDGE_LOOP('',(#2192,#2193,#2199));
#2192 = ORIENTED_EDGE('',*,*,#1839,.F.);
#2193 = ORIENTED_EDGE('',*,*,#2194,.T.);
#2194 = EDGE_CURVE('',#1812,#1939,#2195,.T.);
#2195 = LINE('',#2196,#2197);
#2196 = CARTESIAN_POINT('',(-69.,-28.,30.));
#2197 = VECTOR('',#2198,1.);
#2198 = DIRECTION('',(5.547001962252E-02,0.998460353205,0.));
#2199 = ORIENTED_EDGE('',*,*,#2200,.T.);
#2200 = EDGE_CURVE('',#1939,#1013,#2201,.T.);
#2201 = LINE('',#2202,#2203);
#2202 = CARTESIAN_POINT('',(-67.,8.,30.));
#2203 = VECTOR('',#2204,1.);
#2204 = DIRECTION('',(-0.707106781187,0.707106781187,0.));
#2205 = PLANE('',#2206);
#2206 = AXIS2_PLACEMENT_3D('',#2207,#2208,#2209);
#2207 = CARTESIAN_POINT('',(-68.49425146603,-8.806771407473,30.));
#2208 = DIRECTION('',(0.,0.,1.));
#2209 = DIRECTION('',(1.,0.,-0.));
#2210 = ADVANCED_FACE('',(#2211),#2228,.T.);
#2211 = FACE_BOUND('',#2212,.T.);
#2212 = EDGE_LOOP('',(#2213,#2221,#2227));
#2213 = ORIENTED_EDGE('',*,*,#2214,.T.);
#2214 = EDGE_CURVE('',#1812,#2215,#2217,.T.);
#2215 = VERTEX_POINT('',#2216);
#2216 = CARTESIAN_POINT('',(-67.,-26.,30.));
#2217 = LINE('',#2218,#2219);
#2218 = CARTESIAN_POINT('',(-69.,-28.,30.));
#2219 = VECTOR('',#2220,1.);
#2220 = DIRECTION('',(0.707106781187,0.707106781187,0.));
#2221 = ORIENTED_EDGE('',*,*,#2222,.T.);
#2222 = EDGE_CURVE('',#2215,#1939,#2223,.T.);
#2223 = LINE('',#2224,#2225);
#2224 = CARTESIAN_POINT('',(-67.,-26.,30.));
#2225 = VECTOR('',#2226,1.);
#2226 = DIRECTION('',(0.,1.,0.));
#2227 = ORIENTED_EDGE('',*,*,#2194,.F.);
#2228 = PLANE('',#2229);
#2229 = AXIS2_PLACEMENT_3D('',#2230,#2231,#2232);
#2230 = CARTESIAN_POINT('',(-67.53350491128,-10.19322859252,30.));
#2231 = DIRECTION('',(0.,0.,1.));
#2232 = DIRECTION('',(1.,0.,-0.));
#2233 = ADVANCED_FACE('',(#2234),#2244,.T.);
#2234 = FACE_BOUND('',#2235,.T.);
#2235 = EDGE_LOOP('',(#2236,#2237,#2243));
#2236 = ORIENTED_EDGE('',*,*,#1956,.F.);
#2237 = ORIENTED_EDGE('',*,*,#2238,.T.);
#2238 = EDGE_CURVE('',#1949,#1013,#2239,.T.);
#2239 = LINE('',#2240,#2241);
#2240 = CARTESIAN_POINT('',(-67.,10.,30.));
#2241 = VECTOR('',#2242,1.);
#2242 = DIRECTION('',(-1.,0.,0.));
#2243 = ORIENTED_EDGE('',*,*,#2200,.F.);
#2244 = PLANE('',#2245);
#2245 = AXIS2_PLACEMENT_3D('',#2246,#2247,#2248);
#2246 = CARTESIAN_POINT('',(-67.70710678118,9.292893218813,30.));
#2247 = DIRECTION('',(0.,0.,1.));
#2248 = DIRECTION('',(1.,0.,-0.));
#2249 = ADVANCED_FACE('',(#2250),#2267,.T.);
#2250 = FACE_BOUND('',#2251,.T.);
#2251 = EDGE_LOOP('',(#2252,#2260,#2266));
#2252 = ORIENTED_EDGE('',*,*,#2253,.T.);
#2253 = EDGE_CURVE('',#624,#2254,#2256,.T.);
#2254 = VERTEX_POINT('',#2255);
#2255 = CARTESIAN_POINT('',(11.,-12.69799995422,14.468000411987));
#2256 = LINE('',#2257,#2258);
#2257 = CARTESIAN_POINT('',(11.,-26.,2.));
#2258 = VECTOR('',#2259,1.);
#2259 = DIRECTION('',(0.,0.729609030414,0.683864506126));
#2260 = ORIENTED_EDGE('',*,*,#2261,.T.);
#2261 = EDGE_CURVE('',#2254,#1909,#2262,.T.);
#2262 = LINE('',#2263,#2264);
#2263 = CARTESIAN_POINT('',(11.,-12.69799995422,14.468000411987));
#2264 = VECTOR('',#2265,1.);
#2265 = DIRECTION('',(0.,0.443387127164,-0.896330215638));
#2266 = ORIENTED_EDGE('',*,*,#1924,.F.);
#2267 = PLANE('',#2268);
#2268 = AXIS2_PLACEMENT_3D('',#2269,#2270,#2271);
#2269 = CARTESIAN_POINT('',(11.,-19.19594359099,8.204082423406));
#2270 = DIRECTION('',(-1.,-0.,-0.));
#2271 = DIRECTION('',(0.,0.,-1.));
#2272 = ADVANCED_FACE('',(#2273),#2297,.T.);
#2273 = FACE_BOUND('',#2274,.T.);
#2274 = EDGE_LOOP('',(#2275,#2283,#2291));
#2275 = ORIENTED_EDGE('',*,*,#2276,.T.);
#2276 = EDGE_CURVE('',#2093,#2277,#2279,.T.);
#2277 = VERTEX_POINT('',#2278);
#2278 = CARTESIAN_POINT('',(11.,-9.522000312805,19.968000411987));
#2279 = LINE('',#2280,#2281);
#2280 = CARTESIAN_POINT('',(11.,-9.,20.003000259399));
#2281 = VECTOR('',#2282,1.);
#2282 = DIRECTION('',(0.,-0.997759734622,-6.689926731661E-02));
#2283 = ORIENTED_EDGE('',*,*,#2284,.T.);
#2284 = EDGE_CURVE('',#2277,#2285,#2287,.T.);
#2285 = VERTEX_POINT('',#2286);
#2286 = CARTESIAN_POINT('',(11.,-26.,30.));
#2287 = LINE('',#2288,#2289);
#2288 = CARTESIAN_POINT('',(11.,-9.522000312805,19.968000411987));
#2289 = VECTOR('',#2290,1.);
#2290 = DIRECTION('',(0.,-0.854154514879,0.520019292634));
#2291 = ORIENTED_EDGE('',*,*,#2292,.T.);
#2292 = EDGE_CURVE('',#2285,#2093,#2293,.T.);
#2293 = LINE('',#2294,#2295);
#2294 = CARTESIAN_POINT('',(11.,-26.,30.));
#2295 = VECTOR('',#2296,1.);
#2296 = DIRECTION('',(0.,0.862000691698,-0.506907099488));
#2297 = PLANE('',#2298);
#2298 = AXIS2_PLACEMENT_3D('',#2299,#2300,#2301);
#2299 = CARTESIAN_POINT('',(11.,-17.51832975949,24.926585888663));
#2300 = DIRECTION('',(-1.,-0.,-0.));
#2301 = DIRECTION('',(0.,0.,-1.));
#2302 = ADVANCED_FACE('',(#2303),#2320,.T.);
#2303 = FACE_BOUND('',#2304,.T.);
#2304 = EDGE_LOOP('',(#2305,#2313,#2319));
#2305 = ORIENTED_EDGE('',*,*,#2306,.T.);
#2306 = EDGE_CURVE('',#2277,#2307,#2309,.T.);
#2307 = VERTEX_POINT('',#2308);
#2308 = CARTESIAN_POINT('',(11.,-10.03600025177,19.865999221802));
#2309 = LINE('',#2310,#2311);
#2310 = CARTESIAN_POINT('',(11.,-9.522000312805,19.968000411987));
#2311 = VECTOR('',#2312,1.);
#2312 = DIRECTION('',(0.,-0.980872725585,-0.194650189321));
#2313 = ORIENTED_EDGE('',*,*,#2314,.T.);
#2314 = EDGE_CURVE('',#2307,#2285,#2315,.T.);
#2315 = LINE('',#2316,#2317);
#2316 = CARTESIAN_POINT('',(11.,-10.03600025177,19.865999221802));
#2317 = VECTOR('',#2318,1.);
#2318 = DIRECTION('',(0.,-0.844257612555,0.53593757439));
#2319 = ORIENTED_EDGE('',*,*,#2284,.F.);
#2320 = PLANE('',#2321);
#2321 = AXIS2_PLACEMENT_3D('',#2322,#2323,#2324);
#2322 = CARTESIAN_POINT('',(11.,-17.77847847622,24.890529971946));
#2323 = DIRECTION('',(-1.,-0.,-0.));
#2324 = DIRECTION('',(0.,0.,-1.));
#2325 = ADVANCED_FACE('',(#2326),#2343,.T.);
#2326 = FACE_BOUND('',#2327,.T.);
#2327 = EDGE_LOOP('',(#2328,#2336,#2342));
#2328 = ORIENTED_EDGE('',*,*,#2329,.T.);
#2329 = EDGE_CURVE('',#2307,#2330,#2332,.T.);
#2330 = VERTEX_POINT('',#2331);
#2331 = CARTESIAN_POINT('',(11.,-10.53199958801,19.697999954224));
#2332 = LINE('',#2333,#2334);
#2333 = CARTESIAN_POINT('',(11.,-10.03600025177,19.865999221802));
#2334 = VECTOR('',#2335,1.);
#2335 = DIRECTION('',(0.,-0.947144870149,-0.320806164139));
#2336 = ORIENTED_EDGE('',*,*,#2337,.T.);
#2337 = EDGE_CURVE('',#2330,#2285,#2338,.T.);
#2338 = LINE('',#2339,#2340);
#2339 = CARTESIAN_POINT('',(11.,-10.53199958801,19.697999954224));
#2340 = VECTOR('',#2341,1.);
#2341 = DIRECTION('',(0.,-0.832298560169,0.554327616795));
#2342 = ORIENTED_EDGE('',*,*,#2314,.F.);
#2343 = PLANE('',#2344);
#2344 = AXIS2_PLACEMENT_3D('',#2345,#2346,#2347);
#2345 = CARTESIAN_POINT('',(11.,-18.03270041134,24.820982808616));
#2346 = DIRECTION('',(-1.,-0.,-0.));
#2347 = DIRECTION('',(0.,0.,-1.));
#2348 = ADVANCED_FACE('',(#2349),#2364,.T.);
#2349 = FACE_BOUND('',#2350,.T.);
#2350 = EDGE_LOOP('',(#2351,#2357,#2363));
#2351 = ORIENTED_EDGE('',*,*,#2352,.T.);
#2352 = EDGE_CURVE('',#2330,#244,#2353,.T.);
#2353 = LINE('',#2354,#2355);
#2354 = CARTESIAN_POINT('',(11.,-10.53199958801,19.697999954224));
#2355 = VECTOR('',#2356,1.);
#2356 = DIRECTION('',(0.,-0.896330215638,-0.443387127164));
#2357 = ORIENTED_EDGE('',*,*,#2358,.T.);
#2358 = EDGE_CURVE('',#244,#2285,#2359,.T.);
#2359 = LINE('',#2360,#2361);
#2360 = CARTESIAN_POINT('',(11.,-11.00100040435,19.465999603271));
#2361 = VECTOR('',#2362,1.);
#2362 = DIRECTION('',(0.,-0.818341484121,0.574732298872));
#2363 = ORIENTED_EDGE('',*,*,#2337,.F.);
#2364 = PLANE('',#2365);
#2365 = AXIS2_PLACEMENT_3D('',#2366,#2367,#2368);
#2366 = CARTESIAN_POINT('',(11.,-18.27598921711,24.718591063936));
#2367 = DIRECTION('',(-1.,-0.,-0.));
#2368 = DIRECTION('',(0.,0.,-1.));
#2369 = ADVANCED_FACE('',(#2370),#2380,.T.);
#2370 = FACE_BOUND('',#2371,.T.);
#2371 = EDGE_LOOP('',(#2372,#2378,#2379));
#2372 = ORIENTED_EDGE('',*,*,#2373,.T.);
#2373 = EDGE_CURVE('',#2285,#1356,#2374,.T.);
#2374 = LINE('',#2375,#2376);
#2375 = CARTESIAN_POINT('',(11.,-26.,30.));
#2376 = VECTOR('',#2377,1.);
#2377 = DIRECTION('',(0.,1.,0.));
#2378 = ORIENTED_EDGE('',*,*,#2100,.F.);
#2379 = ORIENTED_EDGE('',*,*,#2292,.F.);
#2380 = PLANE('',#2381);
#2381 = AXIS2_PLACEMENT_3D('',#2382,#2383,#2384);
#2382 = CARTESIAN_POINT('',(11.,-9.,27.31552201211));
#2383 = DIRECTION('',(-1.,-0.,-0.));
#2384 = DIRECTION('',(0.,0.,-1.));
#2385 = ADVANCED_FACE('',(#2386),#2391,.T.);
#2386 = FACE_BOUND('',#2387,.T.);
#2387 = EDGE_LOOP('',(#2388,#2389,#2390));
#2388 = ORIENTED_EDGE('',*,*,#1590,.F.);
#2389 = ORIENTED_EDGE('',*,*,#1424,.F.);
#2390 = ORIENTED_EDGE('',*,*,#2177,.F.);
#2391 = PLANE('',#2392);
#2392 = AXIS2_PLACEMENT_3D('',#2393,#2394,#2395);
#2393 = CARTESIAN_POINT('',(13.,-20.36142492738,23.303435568984));
#2394 = DIRECTION('',(1.,0.,0.));
#2395 = DIRECTION('',(-0.,0.,1.));
#2396 = ADVANCED_FACE('',(#2397),#2412,.T.);
#2397 = FACE_BOUND('',#2398,.T.);
#2398 = EDGE_LOOP('',(#2399,#2405,#2411));
#2399 = ORIENTED_EDGE('',*,*,#2400,.T.);
#2400 = EDGE_CURVE('',#1812,#2285,#2401,.T.);
#2401 = LINE('',#2402,#2403);
#2402 = CARTESIAN_POINT('',(-69.,-28.,30.));
#2403 = VECTOR('',#2404,1.);
#2404 = DIRECTION('',(0.999687646408,2.49921911602E-02,0.));
#2405 = ORIENTED_EDGE('',*,*,#2406,.T.);
#2406 = EDGE_CURVE('',#2285,#2215,#2407,.T.);
#2407 = LINE('',#2408,#2409);
#2408 = CARTESIAN_POINT('',(11.,-26.,30.));
#2409 = VECTOR('',#2410,1.);
#2410 = DIRECTION('',(-1.,0.,0.));
#2411 = ORIENTED_EDGE('',*,*,#2214,.F.);
#2412 = PLANE('',#2413);
#2413 = AXIS2_PLACEMENT_3D('',#2414,#2415,#2416);
#2414 = CARTESIAN_POINT('',(-29.20085775744,-26.51508647787,30.));
#2415 = DIRECTION('',(0.,0.,1.));
#2416 = DIRECTION('',(1.,0.,-0.));
#2417 = ADVANCED_FACE('',(#2418),#2435,.T.);
#2418 = FACE_BOUND('',#2419,.T.);
#2419 = EDGE_LOOP('',(#2420,#2428,#2429));
#2420 = ORIENTED_EDGE('',*,*,#2421,.T.);
#2421 = EDGE_CURVE('',#2422,#1219,#2424,.T.);
#2422 = VERTEX_POINT('',#2423);
#2423 = CARTESIAN_POINT('',(11.,-7.964000225067,12.133999824524));
#2424 = LINE('',#2425,#2426);
#2425 = CARTESIAN_POINT('',(11.,-7.964000225067,12.133999824524));
#2426 = VECTOR('',#2427,1.);
#2427 = DIRECTION('',(0.,-0.980873038577,-0.194648612098));
#2428 = ORIENTED_EDGE('',*,*,#1218,.F.);
#2429 = ORIENTED_EDGE('',*,*,#2430,.T.);
#2430 = EDGE_CURVE('',#1211,#2422,#2431,.T.);
#2431 = LINE('',#2432,#2433);
#2432 = CARTESIAN_POINT('',(13.,-8.477999687195,12.031999588013));
#2433 = VECTOR('',#2434,1.);
#2434 = DIRECTION('',(-0.967346980974,0.248607913956,4.933481042387E-02)
  );
#2435 = PLANE('',#2436);
#2436 = AXIS2_PLACEMENT_3D('',#2437,#2438,#2439);
#2437 = CARTESIAN_POINT('',(11.885872009904,-8.332945024563,
    12.060784851395));
#2438 = DIRECTION('',(0.,-0.194648612098,0.980873038577));
#2439 = DIRECTION('',(0.,0.980873038577,0.194648612098));
#2440 = ADVANCED_FACE('',(#2441),#2458,.T.);
#2441 = FACE_BOUND('',#2442,.T.);
#2442 = EDGE_LOOP('',(#2443,#2451,#2457));
#2443 = ORIENTED_EDGE('',*,*,#2444,.T.);
#2444 = EDGE_CURVE('',#1211,#2445,#2447,.T.);
#2445 = VERTEX_POINT('',#2446);
#2446 = CARTESIAN_POINT('',(13.,-7.964000225067,12.133999824524));
#2447 = LINE('',#2448,#2449);
#2448 = CARTESIAN_POINT('',(13.,-8.477999687195,12.031999588013));
#2449 = VECTOR('',#2450,1.);
#2450 = DIRECTION('',(0.,0.980873038577,0.194648612098));
#2451 = ORIENTED_EDGE('',*,*,#2452,.T.);
#2452 = EDGE_CURVE('',#2445,#2422,#2453,.T.);
#2453 = LINE('',#2454,#2455);
#2454 = CARTESIAN_POINT('',(13.,-7.964000225067,12.133999824524));
#2455 = VECTOR('',#2456,1.);
#2456 = DIRECTION('',(-1.,0.,0.));
#2457 = ORIENTED_EDGE('',*,*,#2430,.F.);
#2458 = PLANE('',#2459);
#2459 = AXIS2_PLACEMENT_3D('',#2460,#2461,#2462);
#2460 = CARTESIAN_POINT('',(12.114127990096,-8.109054887699,
    12.105214561142));
#2461 = DIRECTION('',(0.,-0.194648612098,0.980873038577));
#2462 = DIRECTION('',(0.,0.980873038577,0.194648612098));
#2463 = ADVANCED_FACE('',(#2464),#2479,.T.);
#2464 = FACE_BOUND('',#2465,.T.);
#2465 = EDGE_LOOP('',(#2466,#2472,#2473));
#2466 = ORIENTED_EDGE('',*,*,#2467,.T.);
#2467 = EDGE_CURVE('',#187,#624,#2468,.T.);
#2468 = LINE('',#2469,#2470);
#2469 = CARTESIAN_POINT('',(11.,-11.8299999237,13.170000076294));
#2470 = VECTOR('',#2471,1.);
#2471 = DIRECTION('',(0.,-0.785336526978,-0.619069090969));
#2472 = ORIENTED_EDGE('',*,*,#1918,.F.);
#2473 = ORIENTED_EDGE('',*,*,#2474,.T.);
#2474 = EDGE_CURVE('',#1911,#187,#2475,.T.);
#2475 = LINE('',#2476,#2477);
#2476 = CARTESIAN_POINT('',(11.,-12.17500019073,13.562999725342));
#2477 = VECTOR('',#2478,1.);
#2478 = DIRECTION('',(0.,0.659722783187,-0.751509048078));
#2479 = PLANE('',#2480);
#2480 = AXIS2_PLACEMENT_3D('',#2481,#2482,#2483);
#2481 = CARTESIAN_POINT('',(11.,-18.90117408491,7.764423048827));
#2482 = DIRECTION('',(-1.,-0.,-0.));
#2483 = DIRECTION('',(0.,0.,-1.));
#2484 = ADVANCED_FACE('',(#2485),#2509,.T.);
#2485 = FACE_BOUND('',#2486,.T.);
#2486 = EDGE_LOOP('',(#2487,#2495,#2503));
#2487 = ORIENTED_EDGE('',*,*,#2488,.T.);
#2488 = EDGE_CURVE('',#2124,#2489,#2491,.T.);
#2489 = VERTEX_POINT('',#2490);
#2490 = CARTESIAN_POINT('',(13.,-5.533999919891,18.000999450684));
#2491 = LINE('',#2492,#2493);
#2492 = CARTESIAN_POINT('',(11.,-5.302000045776,17.531999588013));
#2493 = VECTOR('',#2494,1.);
#2494 = DIRECTION('',(0.967439175969,-0.112222883519,0.226864420336));
#2495 = ORIENTED_EDGE('',*,*,#2496,.T.);
#2496 = EDGE_CURVE('',#2489,#2497,#2499,.T.);
#2497 = VERTEX_POINT('',#2498);
#2498 = CARTESIAN_POINT('',(11.,-5.533999919891,18.000999450684));
#2499 = LINE('',#2500,#2501);
#2500 = CARTESIAN_POINT('',(13.,-5.533999919891,18.000999450684));
#2501 = VECTOR('',#2502,1.);
#2502 = DIRECTION('',(-1.,0.,0.));
#2503 = ORIENTED_EDGE('',*,*,#2504,.T.);
#2504 = EDGE_CURVE('',#2497,#2124,#2505,.T.);
#2505 = LINE('',#2506,#2507);
#2506 = CARTESIAN_POINT('',(11.,-5.533999919891,18.000999450684));
#2507 = VECTOR('',#2508,1.);
#2508 = DIRECTION('',(0.,0.443387119359,-0.896330219499));
#2509 = PLANE('',#2510);
#2510 = AXIS2_PLACEMENT_3D('',#2511,#2512,#2513);
#2511 = CARTESIAN_POINT('',(11.886017230761,-5.468538474543,
    17.86866571992));
#2512 = DIRECTION('',(-0.,-0.896330219499,-0.443387119359));
#2513 = DIRECTION('',(0.,0.443387119359,-0.896330219499));
#2514 = ADVANCED_FACE('',(#2515),#2525,.T.);
#2515 = FACE_BOUND('',#2516,.T.);
#2516 = EDGE_LOOP('',(#2517,#2523,#2524));
#2517 = ORIENTED_EDGE('',*,*,#2518,.T.);
#2518 = EDGE_CURVE('',#2116,#2489,#2519,.T.);
#2519 = LINE('',#2520,#2521);
#2520 = CARTESIAN_POINT('',(13.,-5.302000045776,17.531999588013));
#2521 = VECTOR('',#2522,1.);
#2522 = DIRECTION('',(0.,-0.443387119359,0.896330219499));
#2523 = ORIENTED_EDGE('',*,*,#2488,.F.);
#2524 = ORIENTED_EDGE('',*,*,#2123,.F.);
#2525 = PLANE('',#2526);
#2526 = AXIS2_PLACEMENT_3D('',#2527,#2528,#2529);
#2527 = CARTESIAN_POINT('',(12.113982769239,-5.367461491124,
    17.664333318777));
#2528 = DIRECTION('',(-0.,-0.896330219499,-0.443387119359));
#2529 = DIRECTION('',(0.,0.443387119359,-0.896330219499));
#2530 = ADVANCED_FACE('',(#2531),#2541,.T.);
#2531 = FACE_BOUND('',#2532,.T.);
#2532 = EDGE_LOOP('',(#2533,#2539,#2540));
#2533 = ORIENTED_EDGE('',*,*,#2534,.T.);
#2534 = EDGE_CURVE('',#22,#1211,#2535,.T.);
#2535 = LINE('',#2536,#2537);
#2536 = CARTESIAN_POINT('',(13.,10.,0.));
#2537 = VECTOR('',#2538,1.);
#2538 = DIRECTION('',(0.,-0.838001947228,0.545667239663));
#2539 = ORIENTED_EDGE('',*,*,#1240,.F.);
#2540 = ORIENTED_EDGE('',*,*,#1894,.F.);
#2541 = PLANE('',#2542);
#2542 = AXIS2_PLACEMENT_3D('',#2543,#2544,#2545);
#2543 = CARTESIAN_POINT('',(13.,0.520470760894,6.077186480594));
#2544 = DIRECTION('',(1.,0.,0.));
#2545 = DIRECTION('',(-0.,0.,1.));
#2546 = ADVANCED_FACE('',(#2547),#2562,.T.);
#2547 = FACE_BOUND('',#2548,.T.);
#2548 = EDGE_LOOP('',(#2549,#2555,#2556));
#2549 = ORIENTED_EDGE('',*,*,#2550,.T.);
#2550 = EDGE_CURVE('',#624,#655,#2551,.T.);
#2551 = LINE('',#2552,#2553);
#2552 = CARTESIAN_POINT('',(11.,-26.,2.));
#2553 = VECTOR('',#2554,1.);
#2554 = DIRECTION('',(0.,0.844257635375,0.535937538441));
#2555 = ORIENTED_EDGE('',*,*,#911,.F.);
#2556 = ORIENTED_EDGE('',*,*,#2557,.T.);
#2557 = EDGE_CURVE('',#904,#624,#2558,.T.);
#2558 = LINE('',#2559,#2560);
#2559 = CARTESIAN_POINT('',(11.,-9.522000312805,12.031999588013));
#2560 = VECTOR('',#2561,1.);
#2561 = DIRECTION('',(0.,-0.854154514879,-0.520019292634));
#2562 = PLANE('',#2563);
#2563 = AXIS2_PLACEMENT_3D('',#2564,#2565,#2566);
#2564 = CARTESIAN_POINT('',(11.,-17.7784785114,7.109469765485));
#2565 = DIRECTION('',(-1.,-0.,-0.));
#2566 = DIRECTION('',(0.,0.,-1.));
#2567 = ADVANCED_FACE('',(#2568),#2592,.T.);
#2568 = FACE_BOUND('',#2569,.T.);
#2569 = EDGE_LOOP('',(#2570,#2578,#2586));
#2570 = ORIENTED_EDGE('',*,*,#2571,.T.);
#2571 = EDGE_CURVE('',#2422,#2572,#2574,.T.);
#2572 = VERTEX_POINT('',#2573);
#2573 = CARTESIAN_POINT('',(13.,-7.46799993515,12.302000045776));
#2574 = LINE('',#2575,#2576);
#2575 = CARTESIAN_POINT('',(11.,-7.964000225067,12.133999824524));
#2576 = VECTOR('',#2577,1.);
#2577 = DIRECTION('',(0.967387619691,0.239912269914,8.126066707248E-02)
  );
#2578 = ORIENTED_EDGE('',*,*,#2579,.T.);
#2579 = EDGE_CURVE('',#2572,#2580,#2582,.T.);
#2580 = VERTEX_POINT('',#2581);
#2581 = CARTESIAN_POINT('',(11.,-7.46799993515,12.302000045776));
#2582 = LINE('',#2583,#2584);
#2583 = CARTESIAN_POINT('',(13.,-7.46799993515,12.302000045776));
#2584 = VECTOR('',#2585,1.);
#2585 = DIRECTION('',(-1.,0.,0.));
#2586 = ORIENTED_EDGE('',*,*,#2587,.T.);
#2587 = EDGE_CURVE('',#2580,#2422,#2588,.T.);
#2588 = LINE('',#2589,#2590);
#2589 = CARTESIAN_POINT('',(11.,-7.46799993515,12.302000045776));
#2590 = VECTOR('',#2591,1.);
#2591 = DIRECTION('',(0.,-0.947144504229,-0.320807244478));
#2592 = PLANE('',#2593);
#2593 = AXIS2_PLACEMENT_3D('',#2594,#2595,#2596);
#2594 = CARTESIAN_POINT('',(11.88593599203,-7.607964981829,
    12.254592495241));
#2595 = DIRECTION('',(0.,-0.320807244478,0.947144504229));
#2596 = DIRECTION('',(0.,0.947144504229,0.320807244478));
#2597 = ADVANCED_FACE('',(#2598),#2608,.T.);
#2598 = FACE_BOUND('',#2599,.T.);
#2599 = EDGE_LOOP('',(#2600,#2606,#2607));
#2600 = ORIENTED_EDGE('',*,*,#2601,.T.);
#2601 = EDGE_CURVE('',#2445,#2572,#2602,.T.);
#2602 = LINE('',#2603,#2604);
#2603 = CARTESIAN_POINT('',(13.,-7.964000225067,12.133999824524));
#2604 = VECTOR('',#2605,1.);
#2605 = DIRECTION('',(0.,0.947144504229,0.320807244478));
#2606 = ORIENTED_EDGE('',*,*,#2571,.F.);
#2607 = ORIENTED_EDGE('',*,*,#2452,.F.);
#2608 = PLANE('',#2609);
#2609 = AXIS2_PLACEMENT_3D('',#2610,#2611,#2612);
#2610 = CARTESIAN_POINT('',(12.11406400797,-7.824035178388,
    12.181407375059));
#2611 = DIRECTION('',(0.,-0.320807244478,0.947144504229));
#2612 = DIRECTION('',(0.,0.947144504229,0.320807244478));
#2613 = ADVANCED_FACE('',(#2614),#2629,.T.);
#2614 = FACE_BOUND('',#2615,.T.);
#2615 = EDGE_LOOP('',(#2616,#2617,#2623));
#2616 = ORIENTED_EDGE('',*,*,#71,.F.);
#2617 = ORIENTED_EDGE('',*,*,#2618,.T.);
#2618 = EDGE_CURVE('',#64,#297,#2619,.T.);
#2619 = LINE('',#2620,#2621);
#2620 = CARTESIAN_POINT('',(3.003000020981,-28.,11.003000259399));
#2621 = VECTOR('',#2622,1.);
#2622 = DIRECTION('',(0.465694598283,0.,0.884945501785));
#2623 = ORIENTED_EDGE('',*,*,#2624,.T.);
#2624 = EDGE_CURVE('',#297,#54,#2625,.T.);
#2625 = LINE('',#2626,#2627);
#2626 = CARTESIAN_POINT('',(13.,-28.,30.));
#2627 = VECTOR('',#2628,1.);
#2628 = DIRECTION('',(-0.859911140747,0.,-0.510443757939));
#2629 = PLANE('',#2630);
#2630 = AXIS2_PLACEMENT_3D('',#2631,#2632,#2633);
#2631 = CARTESIAN_POINT('',(-1.437444569711,-28.,17.911026726462));
#2632 = DIRECTION('',(-0.,-1.,-0.));
#2633 = DIRECTION('',(0.,0.,-1.));
#2634 = ADVANCED_FACE('',(#2635),#2652,.T.);
#2635 = FACE_BOUND('',#2636,.T.);
#2636 = EDGE_LOOP('',(#2637,#2645,#2651));
#2637 = ORIENTED_EDGE('',*,*,#2638,.T.);
#2638 = EDGE_CURVE('',#602,#2639,#2641,.T.);
#2639 = VERTEX_POINT('',#2640);
#2640 = CARTESIAN_POINT('',(11.,-5.533999919891,13.998999595642));
#2641 = LINE('',#2642,#2643);
#2642 = CARTESIAN_POINT('',(11.,8.,2.));
#2643 = VECTOR('',#2644,1.);
#2644 = DIRECTION('',(0.,-0.748265858194,0.663398979093));
#2645 = ORIENTED_EDGE('',*,*,#2646,.T.);
#2646 = EDGE_CURVE('',#2639,#739,#2647,.T.);
#2647 = LINE('',#2648,#2649);
#2648 = CARTESIAN_POINT('',(11.,-5.533999919891,13.998999595642));
#2649 = VECTOR('',#2650,1.);
#2650 = DIRECTION('',(0.,0.443386395013,0.89633057781));
#2651 = ORIENTED_EDGE('',*,*,#738,.F.);
#2652 = PLANE('',#2653);
#2653 = AXIS2_PLACEMENT_3D('',#2654,#2655,#2656);
#2654 = CARTESIAN_POINT('',(11.,1.195943749023,8.204082390787));
#2655 = DIRECTION('',(-1.,-0.,-0.));
#2656 = DIRECTION('',(0.,0.,-1.));
#2657 = ADVANCED_FACE('',(#2658),#2673,.T.);
#2658 = FACE_BOUND('',#2659,.T.);
#2659 = EDGE_LOOP('',(#2660,#2666,#2667));
#2660 = ORIENTED_EDGE('',*,*,#2661,.T.);
#2661 = EDGE_CURVE('',#1356,#2039,#2662,.T.);
#2662 = LINE('',#2663,#2664);
#2663 = CARTESIAN_POINT('',(11.,8.,30.));
#2664 = VECTOR('',#2665,1.);
#2665 = DIRECTION('',(0.,-0.711697687917,-0.702485872466));
#2666 = ORIENTED_EDGE('',*,*,#2131,.F.);
#2667 = ORIENTED_EDGE('',*,*,#2668,.T.);
#2668 = EDGE_CURVE('',#2124,#1356,#2669,.T.);
#2669 = LINE('',#2670,#2671);
#2670 = CARTESIAN_POINT('',(11.,-5.302000045776,17.531999588013));
#2671 = VECTOR('',#2672,1.);
#2672 = DIRECTION('',(0.,0.729609030414,0.683864506126));
#2673 = PLANE('',#2674);
#2674 = AXIS2_PLACEMENT_3D('',#2675,#2676,#2677);
#2675 = CARTESIAN_POINT('',(11.,1.298238465184,23.55177677206));
#2676 = DIRECTION('',(-1.,-0.,-0.));
#2677 = DIRECTION('',(0.,0.,-1.));
#2678 = ADVANCED_FACE('',(#2679),#2703,.T.);
#2679 = FACE_BOUND('',#2680,.T.);
#2680 = EDGE_LOOP('',(#2681,#2689,#2697));
#2681 = ORIENTED_EDGE('',*,*,#2682,.T.);
#2682 = EDGE_CURVE('',#1356,#2683,#2685,.T.);
#2683 = VERTEX_POINT('',#2684);
#2684 = CARTESIAN_POINT('',(11.,-5.824999809265,18.437000274658));
#2685 = LINE('',#2686,#2687);
#2686 = CARTESIAN_POINT('',(11.,8.,30.));
#2687 = VECTOR('',#2688,1.);
#2688 = DIRECTION('',(0.,-0.767069426422,-0.641564100499));
#2689 = ORIENTED_EDGE('',*,*,#2690,.T.);
#2690 = EDGE_CURVE('',#2683,#2691,#2693,.T.);
#2691 = VERTEX_POINT('',#2692);
#2692 = CARTESIAN_POINT('',(11.,-6.170000076294,18.829999923706));
#2693 = LINE('',#2694,#2695);
#2694 = CARTESIAN_POINT('',(11.,-5.824999809265,18.437000274658));
#2695 = VECTOR('',#2696,1.);
#2696 = DIRECTION('',(0.,-0.659722783187,0.751509048078));
#2697 = ORIENTED_EDGE('',*,*,#2698,.T.);
#2698 = EDGE_CURVE('',#2691,#1356,#2699,.T.);
#2699 = LINE('',#2700,#2701);
#2700 = CARTESIAN_POINT('',(11.,-6.170000076294,18.829999923706));
#2701 = VECTOR('',#2702,1.);
#2702 = DIRECTION('',(0.,0.785336526978,0.619069090969));
#2703 = PLANE('',#2704);
#2704 = AXIS2_PLACEMENT_3D('',#2705,#2706,#2707);
#2705 = CARTESIAN_POINT('',(11.,0.901174084917,24.235576951173));
#2706 = DIRECTION('',(-1.,-0.,-0.));
#2707 = DIRECTION('',(0.,0.,-1.));
#2708 = ADVANCED_FACE('',(#2709),#2719,.T.);
#2709 = FACE_BOUND('',#2710,.T.);
#2710 = EDGE_LOOP('',(#2711,#2717,#2718));
#2711 = ORIENTED_EDGE('',*,*,#2712,.T.);
#2712 = EDGE_CURVE('',#2691,#1738,#2713,.T.);
#2713 = LINE('',#2714,#2715);
#2714 = CARTESIAN_POINT('',(11.,-6.170000076294,18.829999923706));
#2715 = VECTOR('',#2716,1.);
#2716 = DIRECTION('',(0.,-0.75151034908,0.659721301176));
#2717 = ORIENTED_EDGE('',*,*,#1737,.F.);
#2718 = ORIENTED_EDGE('',*,*,#2698,.F.);
#2719 = PLANE('',#2720);
#2720 = AXIS2_PLACEMENT_3D('',#2721,#2722,#2723);
#2721 = CARTESIAN_POINT('',(11.,0.714152897279,24.423162283761));
#2722 = DIRECTION('',(-1.,-0.,-0.));
#2723 = DIRECTION('',(0.,0.,-1.));
#2724 = ADVANCED_FACE('',(#2725),#2740,.T.);
#2725 = FACE_BOUND('',#2726,.T.);
#2726 = EDGE_LOOP('',(#2727,#2733,#2739));
#2727 = ORIENTED_EDGE('',*,*,#2728,.T.);
#2728 = EDGE_CURVE('',#1356,#2497,#2729,.T.);
#2729 = LINE('',#2730,#2731);
#2730 = CARTESIAN_POINT('',(11.,8.,30.));
#2731 = VECTOR('',#2732,1.);
#2732 = DIRECTION('',(0.,-0.74826583202,-0.663399008615));
#2733 = ORIENTED_EDGE('',*,*,#2734,.T.);
#2734 = EDGE_CURVE('',#2497,#2683,#2735,.T.);
#2735 = LINE('',#2736,#2737);
#2736 = CARTESIAN_POINT('',(11.,-5.533999919891,18.000999450684));
#2737 = VECTOR('',#2738,1.);
#2738 = DIRECTION('',(0.,-0.55513948496,0.83175726762));
#2739 = ORIENTED_EDGE('',*,*,#2682,.F.);
#2740 = PLANE('',#2741);
#2741 = AXIS2_PLACEMENT_3D('',#2742,#2743,#2744);
#2742 = CARTESIAN_POINT('',(11.,1.062509167988,24.025023988221));
#2743 = DIRECTION('',(-1.,-0.,-0.));
#2744 = DIRECTION('',(0.,0.,-1.));
#2745 = ADVANCED_FACE('',(#2746),#2756,.T.);
#2746 = FACE_BOUND('',#2747,.T.);
#2747 = EDGE_LOOP('',(#2748,#2749,#2750));
#2748 = ORIENTED_EDGE('',*,*,#844,.F.);
#2749 = ORIENTED_EDGE('',*,*,#149,.F.);
#2750 = ORIENTED_EDGE('',*,*,#2751,.T.);
#2751 = EDGE_CURVE('',#54,#829,#2752,.T.);
#2752 = LINE('',#2753,#2754);
#2753 = CARTESIAN_POINT('',(-19.00300025939,-28.,11.003000259399));
#2754 = VECTOR('',#2755,1.);
#2755 = DIRECTION('',(-0.976629460561,0.,-0.214929981072));
#2756 = PLANE('',#2757);
#2757 = AXIS2_PLACEMENT_3D('',#2758,#2759,#2760);
#2758 = CARTESIAN_POINT('',(-42.1703925389,-28.,3.776903293751));
#2759 = DIRECTION('',(-0.,-1.,-0.));
#2760 = DIRECTION('',(0.,0.,-1.));
#2761 = ADVANCED_FACE('',(#2762),#2772,.T.);
#2762 = FACE_BOUND('',#2763,.T.);
#2763 = EDGE_LOOP('',(#2764,#2770,#2771));
#2764 = ORIENTED_EDGE('',*,*,#2765,.T.);
#2765 = EDGE_CURVE('',#54,#1812,#2766,.T.);
#2766 = LINE('',#2767,#2768);
#2767 = CARTESIAN_POINT('',(-19.00300025939,-28.,11.003000259399));
#2768 = VECTOR('',#2769,1.);
#2769 = DIRECTION('',(-0.934795128678,0.,0.355187369425));
#2770 = ORIENTED_EDGE('',*,*,#1825,.F.);
#2771 = ORIENTED_EDGE('',*,*,#2751,.F.);
#2772 = PLANE('',#2773);
#2773 = AXIS2_PLACEMENT_3D('',#2774,#2775,#2776);
#2774 = CARTESIAN_POINT('',(-49.57000987239,-28.,13.574257291461));
#2775 = DIRECTION('',(-0.,-1.,-0.));
#2776 = DIRECTION('',(0.,0.,-1.));
#2777 = ADVANCED_FACE('',(#2778),#2788,.T.);
#2778 = FACE_BOUND('',#2779,.T.);
#2779 = EDGE_LOOP('',(#2780,#2786,#2787));
#2780 = ORIENTED_EDGE('',*,*,#2781,.T.);
#2781 = EDGE_CURVE('',#119,#1789,#2782,.T.);
#2782 = LINE('',#2783,#2784);
#2783 = CARTESIAN_POINT('',(13.,10.,30.));
#2784 = VECTOR('',#2785,1.);
#2785 = DIRECTION('',(0.,-0.744543958476,-0.667573437081));
#2786 = ORIENTED_EDGE('',*,*,#1788,.F.);
#2787 = ORIENTED_EDGE('',*,*,#798,.F.);
#2788 = PLANE('',#2789);
#2789 = AXIS2_PLACEMENT_3D('',#2790,#2791,#2792);
#2790 = CARTESIAN_POINT('',(13.,2.397314814693,23.042306041781));
#2791 = DIRECTION('',(1.,0.,0.));
#2792 = DIRECTION('',(-0.,0.,1.));
#2793 = ADVANCED_FACE('',(#2794),#2818,.T.);
#2794 = FACE_BOUND('',#2795,.T.);
#2795 = EDGE_LOOP('',(#2796,#2804,#2812));
#2796 = ORIENTED_EDGE('',*,*,#2797,.T.);
#2797 = EDGE_CURVE('',#2580,#2798,#2800,.T.);
#2798 = VERTEX_POINT('',#2799);
#2799 = CARTESIAN_POINT('',(13.,-6.999000072479,12.534000396729));
#2800 = LINE('',#2801,#2802);
#2801 = CARTESIAN_POINT('',(11.,-7.46799993515,12.302000045776));
#2802 = VECTOR('',#2803,1.);
#2803 = DIRECTION('',(0.967439150927,0.226864414464,0.11222311127));
#2804 = ORIENTED_EDGE('',*,*,#2805,.T.);
#2805 = EDGE_CURVE('',#2798,#2806,#2808,.T.);
#2806 = VERTEX_POINT('',#2807);
#2807 = CARTESIAN_POINT('',(11.,-6.999000072479,12.534000396729));
#2808 = LINE('',#2809,#2810);
#2809 = CARTESIAN_POINT('',(13.,-6.999000072479,12.534000396729));
#2810 = VECTOR('',#2811,1.);
#2811 = DIRECTION('',(-1.,0.,0.));
#2812 = ORIENTED_EDGE('',*,*,#2813,.T.);
#2813 = EDGE_CURVE('',#2806,#2580,#2814,.T.);
#2814 = LINE('',#2815,#2816);
#2815 = CARTESIAN_POINT('',(11.,-6.999000072479,12.534000396729));
#2816 = VECTOR('',#2817,1.);
#2817 = DIRECTION('',(0.,-0.896329857325,-0.443387851511));
#2818 = PLANE('',#2819);
#2819 = AXIS2_PLACEMENT_3D('',#2820,#2821,#2822);
#2820 = CARTESIAN_POINT('',(11.886017191283,-7.13133380914,
    12.468538813919));
#2821 = DIRECTION('',(0.,-0.443387851511,0.896329857325));
#2822 = DIRECTION('',(0.,0.896329857325,0.443387851511));
#2823 = ADVANCED_FACE('',(#2824),#2834,.T.);
#2824 = FACE_BOUND('',#2825,.T.);
#2825 = EDGE_LOOP('',(#2826,#2832,#2833));
#2826 = ORIENTED_EDGE('',*,*,#2827,.T.);
#2827 = EDGE_CURVE('',#2572,#2798,#2828,.T.);
#2828 = LINE('',#2829,#2830);
#2829 = CARTESIAN_POINT('',(13.,-7.46799993515,12.302000045776));
#2830 = VECTOR('',#2831,1.);
#2831 = DIRECTION('',(0.,0.896329857325,0.443387851511));
#2832 = ORIENTED_EDGE('',*,*,#2797,.F.);
#2833 = ORIENTED_EDGE('',*,*,#2579,.F.);
#2834 = PLANE('',#2835);
#2835 = AXIS2_PLACEMENT_3D('',#2836,#2837,#2838);
#2836 = CARTESIAN_POINT('',(12.113982808717,-7.33566619849,
    12.367461628586));
#2837 = DIRECTION('',(0.,-0.443387851511,0.896329857325));
#2838 = DIRECTION('',(0.,0.896329857325,0.443387851511));
#2839 = ADVANCED_FACE('',(#2840),#2850,.T.);
#2840 = FACE_BOUND('',#2841,.T.);
#2841 = EDGE_LOOP('',(#2842,#2848,#2849));
#2842 = ORIENTED_EDGE('',*,*,#2843,.T.);
#2843 = EDGE_CURVE('',#624,#508,#2844,.T.);
#2844 = LINE('',#2845,#2846);
#2845 = CARTESIAN_POINT('',(11.,-26.,2.));
#2846 = VECTOR('',#2847,1.);
#2847 = DIRECTION('',(0.,0.832298560169,0.554327616795));
#2848 = ORIENTED_EDGE('',*,*,#662,.F.);
#2849 = ORIENTED_EDGE('',*,*,#2550,.F.);
#2850 = PLANE('',#2851);
#2851 = AXIS2_PLACEMENT_3D('',#2852,#2853,#2854);
#2852 = CARTESIAN_POINT('',(11.,-18.03270034918,7.179016989705));
#2853 = DIRECTION('',(-1.,-0.,-0.));
#2854 = DIRECTION('',(0.,0.,-1.));
#2855 = ADVANCED_FACE('',(#2856),#2866,.T.);
#2856 = FACE_BOUND('',#2857,.T.);
#2857 = EDGE_LOOP('',(#2858,#2859,#2865));
#2858 = ORIENTED_EDGE('',*,*,#858,.F.);
#2859 = ORIENTED_EDGE('',*,*,#2860,.T.);
#2860 = EDGE_CURVE('',#831,#64,#2861,.T.);
#2861 = LINE('',#2862,#2863);
#2862 = CARTESIAN_POINT('',(13.,-28.,0.));
#2863 = VECTOR('',#2864,1.);
#2864 = DIRECTION('',(-0.672461826936,0.,0.740131806717));
#2865 = ORIENTED_EDGE('',*,*,#430,.F.);
#2866 = PLANE('',#2867);
#2867 = AXIS2_PLACEMENT_3D('',#2868,#2869,#2870);
#2868 = CARTESIAN_POINT('',(6.800201884465,-28.,4.607603289121));
#2869 = DIRECTION('',(-0.,-1.,-0.));
#2870 = DIRECTION('',(0.,0.,-1.));
#2871 = ADVANCED_FACE('',(#2872),#2882,.T.);
#2872 = FACE_BOUND('',#2873,.T.);
#2873 = EDGE_LOOP('',(#2874,#2875,#2876));
#2874 = ORIENTED_EDGE('',*,*,#609,.F.);
#2875 = ORIENTED_EDGE('',*,*,#1363,.F.);
#2876 = ORIENTED_EDGE('',*,*,#2877,.T.);
#2877 = EDGE_CURVE('',#1356,#592,#2878,.T.);
#2878 = LINE('',#2879,#2880);
#2879 = CARTESIAN_POINT('',(11.,8.,30.));
#2880 = VECTOR('',#2881,1.);
#2881 = DIRECTION('',(-0.941194670762,0.,-0.337864753607));
#2882 = PLANE('',#2883);
#2883 = AXIS2_PLACEMENT_3D('',#2884,#2885,#2886);
#2884 = CARTESIAN_POINT('',(-22.2183493551,8.,10.218349355101));
#2885 = DIRECTION('',(-0.,-1.,-0.));
#2886 = DIRECTION('',(0.,0.,-1.));
#2887 = ADVANCED_FACE('',(#2888),#2898,.T.);
#2888 = FACE_BOUND('',#2889,.T.);
#2889 = EDGE_LOOP('',(#2890,#2891,#2897));
#2890 = ORIENTED_EDGE('',*,*,#1977,.F.);
#2891 = ORIENTED_EDGE('',*,*,#2892,.T.);
#2892 = EDGE_CURVE('',#1939,#592,#2893,.T.);
#2893 = LINE('',#2894,#2895);
#2894 = CARTESIAN_POINT('',(-67.,8.,30.));
#2895 = VECTOR('',#2896,1.);
#2896 = DIRECTION('',(0.,0.,-1.));
#2897 = ORIENTED_EDGE('',*,*,#2877,.F.);
#2898 = PLANE('',#2899);
#2899 = AXIS2_PLACEMENT_3D('',#2900,#2901,#2902);
#2900 = CARTESIAN_POINT('',(-33.78165064489,8.,21.781650644899));
#2901 = DIRECTION('',(-0.,-1.,-0.));
#2902 = DIRECTION('',(0.,0.,-1.));
#2903 = ADVANCED_FACE('',(#2904),#2919,.T.);
#2904 = FACE_BOUND('',#2905,.T.);
#2905 = EDGE_LOOP('',(#2906,#2912,#2913));
#2906 = ORIENTED_EDGE('',*,*,#2907,.T.);
#2907 = EDGE_CURVE('',#1089,#602,#2908,.T.);
#2908 = LINE('',#2909,#2910);
#2909 = CARTESIAN_POINT('',(11.,-9.,11.998000144958));
#2910 = VECTOR('',#2911,1.);
#2911 = DIRECTION('',(0.,0.861978526315,-0.506944790062));
#2912 = ORIENTED_EDGE('',*,*,#631,.F.);
#2913 = ORIENTED_EDGE('',*,*,#2914,.T.);
#2914 = EDGE_CURVE('',#624,#1089,#2915,.T.);
#2915 = LINE('',#2916,#2917);
#2916 = CARTESIAN_POINT('',(11.,-26.,2.));
#2917 = VECTOR('',#2918,1.);
#2918 = DIRECTION('',(0.,0.861978526315,0.506944790062));
#2919 = PLANE('',#2920);
#2920 = AXIS2_PLACEMENT_3D('',#2921,#2922,#2923);
#2921 = CARTESIAN_POINT('',(11.,-9.,4.684778584623));
#2922 = DIRECTION('',(-1.,-0.,-0.));
#2923 = DIRECTION('',(0.,0.,-1.));
#2924 = ADVANCED_FACE('',(#2925),#2947,.T.);
#2925 = FACE_BOUND('',#2926,.T.);
#2926 = EDGE_LOOP('',(#2927,#2933,#2941));
#2927 = ORIENTED_EDGE('',*,*,#2928,.T.);
#2928 = EDGE_CURVE('',#2806,#1326,#2929,.T.);
#2929 = LINE('',#2930,#2931);
#2930 = CARTESIAN_POINT('',(11.,-6.999000072479,12.534000396729));
#2931 = VECTOR('',#2932,1.);
#2932 = DIRECTION('',(0.967326948319,0.210877212002,0.140745786846));
#2933 = ORIENTED_EDGE('',*,*,#2934,.T.);
#2934 = EDGE_CURVE('',#1326,#2935,#2937,.T.);
#2935 = VERTEX_POINT('',#2936);
#2936 = CARTESIAN_POINT('',(11.,-6.563000202179,12.824999809265));
#2937 = LINE('',#2938,#2939);
#2938 = CARTESIAN_POINT('',(13.,-6.563000202179,12.824999809265));
#2939 = VECTOR('',#2940,1.);
#2940 = DIRECTION('',(-1.,0.,0.));
#2941 = ORIENTED_EDGE('',*,*,#2942,.T.);
#2942 = EDGE_CURVE('',#2935,#2806,#2943,.T.);
#2943 = LINE('',#2944,#2945);
#2944 = CARTESIAN_POINT('',(11.,-6.563000202179,12.824999809265));
#2945 = VECTOR('',#2946,1.);
#2946 = DIRECTION('',(0.,-0.831757126969,-0.555139695694));
#2947 = PLANE('',#2948);
#2948 = AXIS2_PLACEMENT_3D('',#2949,#2950,#2951);
#2949 = CARTESIAN_POINT('',(11.885840487551,-6.686047149239,
    12.742874579998));
#2950 = DIRECTION('',(0.,-0.555139695694,0.831757126969));
#2951 = DIRECTION('',(0.,0.831757126969,0.555139695694));
#2952 = ADVANCED_FACE('',(#2953),#2963,.T.);
#2953 = FACE_BOUND('',#2954,.T.);
#2954 = EDGE_LOOP('',(#2955,#2961,#2962));
#2955 = ORIENTED_EDGE('',*,*,#2956,.T.);
#2956 = EDGE_CURVE('',#2798,#1326,#2957,.T.);
#2957 = LINE('',#2958,#2959);
#2958 = CARTESIAN_POINT('',(13.,-6.999000072479,12.534000396729));
#2959 = VECTOR('',#2960,1.);
#2960 = DIRECTION('',(0.,0.831757126969,0.555139695694));
#2961 = ORIENTED_EDGE('',*,*,#2928,.F.);
#2962 = ORIENTED_EDGE('',*,*,#2805,.F.);
#2963 = PLANE('',#2964);
#2964 = AXIS2_PLACEMENT_3D('',#2965,#2966,#2967);
#2965 = CARTESIAN_POINT('',(12.114159512449,-6.87595312542,
    12.616125625996));
#2966 = DIRECTION('',(0.,-0.555139695694,0.831757126969));
#2967 = DIRECTION('',(0.,0.831757126969,0.555139695694));
#2968 = ADVANCED_FACE('',(#2969),#2984,.T.);
#2969 = FACE_BOUND('',#2970,.T.);
#2970 = EDGE_LOOP('',(#2971,#2977,#2978));
#2971 = ORIENTED_EDGE('',*,*,#2972,.T.);
#2972 = EDGE_CURVE('',#119,#2116,#2973,.T.);
#2973 = LINE('',#2974,#2975);
#2974 = CARTESIAN_POINT('',(13.,10.,30.));
#2975 = VECTOR('',#2976,1.);
#2976 = DIRECTION('',(0.,-0.77524232708,-0.631663940956));
#2977 = ORIENTED_EDGE('',*,*,#2145,.F.);
#2978 = ORIENTED_EDGE('',*,*,#2979,.T.);
#2979 = EDGE_CURVE('',#2031,#119,#2980,.T.);
#2980 = LINE('',#2981,#2982);
#2981 = CARTESIAN_POINT('',(13.,-5.133999824524,17.035999298096));
#2982 = VECTOR('',#2983,1.);
#2983 = DIRECTION('',(0.,0.759454912602,0.650559940148));
#2984 = PLANE('',#2985);
#2985 = AXIS2_PLACEMENT_3D('',#2986,#2987,#2988);
#2986 = CARTESIAN_POINT('',(13.,2.292050345132,23.558569806953));
#2987 = DIRECTION('',(1.,0.,0.));
#2988 = DIRECTION('',(-0.,0.,1.));
#2989 = ADVANCED_FACE('',(#2990),#2995,.T.);
#2990 = FACE_BOUND('',#2991,.T.);
#2991 = EDGE_LOOP('',(#2992,#2993,#2994));
#2992 = ORIENTED_EDGE('',*,*,#2979,.F.);
#2993 = ORIENTED_EDGE('',*,*,#2060,.F.);
#2994 = ORIENTED_EDGE('',*,*,#2781,.F.);
#2995 = PLANE('',#2996);
#2996 = AXIS2_PLACEMENT_3D('',#2997,#2998,#2999);
#2997 = CARTESIAN_POINT('',(13.,2.361424823937,23.303435583514));
#2998 = DIRECTION('',(1.,0.,0.));
#2999 = DIRECTION('',(-0.,0.,1.));
#3000 = ADVANCED_FACE('',(#3001),#3006,.T.);
#3001 = FACE_BOUND('',#3002,.T.);
#3002 = EDGE_LOOP('',(#3003,#3004,#3005));
#3003 = ORIENTED_EDGE('',*,*,#2557,.F.);
#3004 = ORIENTED_EDGE('',*,*,#1088,.F.);
#3005 = ORIENTED_EDGE('',*,*,#2914,.F.);
#3006 = PLANE('',#3007);
#3007 = AXIS2_PLACEMENT_3D('',#3008,#3009,#3010);
#3008 = CARTESIAN_POINT('',(11.,-17.51834330317,7.073661038621));
#3009 = DIRECTION('',(-1.,-0.,-0.));
#3010 = DIRECTION('',(0.,0.,-1.));
#3011 = ADVANCED_FACE('',(#3012),#3022,.T.);
#3012 = FACE_BOUND('',#3013,.T.);
#3013 = EDGE_LOOP('',(#3014,#3015,#3016));
#3014 = ORIENTED_EDGE('',*,*,#2907,.F.);
#3015 = ORIENTED_EDGE('',*,*,#1226,.F.);
#3016 = ORIENTED_EDGE('',*,*,#3017,.T.);
#3017 = EDGE_CURVE('',#1219,#602,#3018,.T.);
#3018 = LINE('',#3019,#3020);
#3019 = CARTESIAN_POINT('',(11.,-8.477999687195,12.031999588013));
#3020 = VECTOR('',#3021,1.);
#3021 = DIRECTION('',(0.,0.854154514879,-0.520019292634));
#3022 = PLANE('',#3023);
#3023 = AXIS2_PLACEMENT_3D('',#3024,#3025,#3026);
#3024 = CARTESIAN_POINT('',(11.,-0.481656696823,7.073661038621));
#3025 = DIRECTION('',(-1.,-0.,-0.));
#3026 = DIRECTION('',(0.,0.,-1.));
#3027 = ADVANCED_FACE('',(#3028),#3043,.T.);
#3028 = FACE_BOUND('',#3029,.T.);
#3029 = EDGE_LOOP('',(#3030,#3036,#3037));
#3030 = ORIENTED_EDGE('',*,*,#3031,.T.);
#3031 = EDGE_CURVE('',#602,#2422,#3032,.T.);
#3032 = LINE('',#3033,#3034);
#3033 = CARTESIAN_POINT('',(11.,8.,2.));
#3034 = VECTOR('',#3035,1.);
#3035 = DIRECTION('',(0.,-0.844257642618,0.535937527031));
#3036 = ORIENTED_EDGE('',*,*,#2587,.F.);
#3037 = ORIENTED_EDGE('',*,*,#3038,.T.);
#3038 = EDGE_CURVE('',#2580,#602,#3039,.T.);
#3039 = LINE('',#3040,#3041);
#3040 = CARTESIAN_POINT('',(11.,-7.46799993515,12.302000045776));
#3041 = VECTOR('',#3042,1.);
#3042 = DIRECTION('',(0.,0.832298552285,-0.554327628632));
#3043 = PLANE('',#3044);
#3044 = AXIS2_PLACEMENT_3D('',#3045,#3046,#3047);
#3045 = CARTESIAN_POINT('',(11.,3.270016045903E-02,7.179017108535));
#3046 = DIRECTION('',(-1.,-0.,-0.));
#3047 = DIRECTION('',(0.,0.,-1.));
#3048 = ADVANCED_FACE('',(#3049),#3064,.T.);
#3049 = FACE_BOUND('',#3050,.T.);
#3050 = EDGE_LOOP('',(#3051,#3057,#3063));
#3051 = ORIENTED_EDGE('',*,*,#3052,.T.);
#3052 = EDGE_CURVE('',#2935,#602,#3053,.T.);
#3053 = LINE('',#3054,#3055);
#3054 = CARTESIAN_POINT('',(11.,-6.563000202179,12.824999809265));
#3055 = VECTOR('',#3056,1.);
#3056 = DIRECTION('',(0.,0.802565184912,-0.596564434044));
#3057 = ORIENTED_EDGE('',*,*,#3058,.T.);
#3058 = EDGE_CURVE('',#602,#2806,#3059,.T.);
#3059 = LINE('',#3060,#3061);
#3060 = CARTESIAN_POINT('',(11.,8.,2.));
#3061 = VECTOR('',#3062,1.);
#3062 = DIRECTION('',(0.,-0.818341492714,0.574732286636));
#3063 = ORIENTED_EDGE('',*,*,#2942,.F.);
#3064 = PLANE('',#3065);
#3065 = AXIS2_PLACEMENT_3D('',#3066,#3067,#3068);
#3066 = CARTESIAN_POINT('',(11.,0.504252385824,7.415043791303));
#3067 = DIRECTION('',(-1.,-0.,-0.));
#3068 = DIRECTION('',(0.,0.,-1.));
#3069 = ADVANCED_FACE('',(#3070),#3087,.T.);
#3070 = FACE_BOUND('',#3071,.T.);
#3071 = EDGE_LOOP('',(#3072,#3073,#3081));
#3072 = ORIENTED_EDGE('',*,*,#3052,.F.);
#3073 = ORIENTED_EDGE('',*,*,#3074,.T.);
#3074 = EDGE_CURVE('',#2935,#3075,#3077,.T.);
#3075 = VERTEX_POINT('',#3076);
#3076 = CARTESIAN_POINT('',(11.,-6.170000076294,13.170000076294));
#3077 = LINE('',#3078,#3079);
#3078 = CARTESIAN_POINT('',(11.,-6.563000202179,12.824999809265));
#3079 = VECTOR('',#3080,1.);
#3080 = DIRECTION('',(0.,0.751509444936,0.659722331115));
#3081 = ORIENTED_EDGE('',*,*,#3082,.T.);
#3082 = EDGE_CURVE('',#3075,#602,#3083,.T.);
#3083 = LINE('',#3084,#3085);
#3084 = CARTESIAN_POINT('',(11.,-6.170000076294,13.170000076294));
#3085 = VECTOR('',#3086,1.);
#3086 = DIRECTION('',(0.,0.785336526978,-0.619069090969));
#3087 = PLANE('',#3088);
#3088 = AXIS2_PLACEMENT_3D('',#3089,#3090,#3091);
#3089 = CARTESIAN_POINT('',(11.,0.714152775864,7.576837569205));
#3090 = DIRECTION('',(-1.,-0.,-0.));
#3091 = DIRECTION('',(0.,0.,-1.));
#3092 = ADVANCED_FACE('',(#3093),#3110,.T.);
#3093 = FACE_BOUND('',#3094,.T.);
#3094 = EDGE_LOOP('',(#3095,#3103,#3109));
#3095 = ORIENTED_EDGE('',*,*,#3096,.T.);
#3096 = EDGE_CURVE('',#3075,#3097,#3099,.T.);
#3097 = VERTEX_POINT('',#3098);
#3098 = CARTESIAN_POINT('',(11.,-5.824999809265,13.562999725342));
#3099 = LINE('',#3100,#3101);
#3100 = CARTESIAN_POINT('',(11.,-6.170000076294,13.170000076294));
#3101 = VECTOR('',#3102,1.);
#3102 = DIRECTION('',(0.,0.659722783187,0.751509048078));
#3103 = ORIENTED_EDGE('',*,*,#3104,.T.);
#3104 = EDGE_CURVE('',#3097,#602,#3105,.T.);
#3105 = LINE('',#3106,#3107);
#3106 = CARTESIAN_POINT('',(11.,-5.824999809265,13.562999725342));
#3107 = VECTOR('',#3108,1.);
#3108 = DIRECTION('',(0.,0.767069426422,-0.641564100499));
#3109 = ORIENTED_EDGE('',*,*,#3082,.F.);
#3110 = PLANE('',#3111);
#3111 = AXIS2_PLACEMENT_3D('',#3112,#3113,#3114);
#3112 = CARTESIAN_POINT('',(11.,0.901174084917,7.764423048827));
#3113 = DIRECTION('',(-1.,-0.,-0.));
#3114 = DIRECTION('',(0.,0.,-1.));
#3115 = ADVANCED_FACE('',(#3116),#3126,.T.);
#3116 = FACE_BOUND('',#3117,.T.);
#3117 = EDGE_LOOP('',(#3118,#3119,#3125));
#3118 = ORIENTED_EDGE('',*,*,#3104,.F.);
#3119 = ORIENTED_EDGE('',*,*,#3120,.T.);
#3120 = EDGE_CURVE('',#3097,#2639,#3121,.T.);
#3121 = LINE('',#3122,#3123);
#3122 = CARTESIAN_POINT('',(11.,-5.824999809265,13.562999725342));
#3123 = VECTOR('',#3124,1.);
#3124 = DIRECTION('',(0.,0.555140325016,0.831756706941));
#3125 = ORIENTED_EDGE('',*,*,#2638,.F.);
#3126 = PLANE('',#3127);
#3127 = AXIS2_PLACEMENT_3D('',#3128,#3129,#3130);
#3128 = CARTESIAN_POINT('',(11.,1.062509311024,7.974975643395));
#3129 = DIRECTION('',(-1.,-0.,-0.));
#3130 = DIRECTION('',(0.,0.,-1.));
#3131 = ADVANCED_FACE('',(#3132),#3142,.T.);
#3132 = FACE_BOUND('',#3133,.T.);
#3133 = EDGE_LOOP('',(#3134,#3135,#3141));
#3134 = ORIENTED_EDGE('',*,*,#273,.F.);
#3135 = ORIENTED_EDGE('',*,*,#3136,.T.);
#3136 = EDGE_CURVE('',#274,#2285,#3137,.T.);
#3137 = LINE('',#3138,#3139);
#3138 = CARTESIAN_POINT('',(11.,-11.43700027465,19.174999237061));
#3139 = VECTOR('',#3140,1.);
#3140 = DIRECTION('',(0.,-0.802565150397,0.596564480478));
#3141 = ORIENTED_EDGE('',*,*,#2358,.F.);
#3142 = PLANE('',#3143);
#3143 = AXIS2_PLACEMENT_3D('',#3144,#3145,#3146);
#3144 = CARTESIAN_POINT('',(11.,-18.50425252449,24.584955891199));
#3145 = DIRECTION('',(-1.,-0.,-0.));
#3146 = DIRECTION('',(0.,0.,-1.));
#3147 = ADVANCED_FACE('',(#3148),#3158,.T.);
#3148 = FACE_BOUND('',#3149,.T.);
#3149 = EDGE_LOOP('',(#3150,#3156,#3157));
#3150 = ORIENTED_EDGE('',*,*,#3151,.T.);
#3151 = EDGE_CURVE('',#22,#2445,#3152,.T.);
#3152 = LINE('',#3153,#3154);
#3153 = CARTESIAN_POINT('',(13.,10.,0.));
#3154 = VECTOR('',#3155,1.);
#3155 = DIRECTION('',(0.,-0.828671093099,0.559735847933));
#3156 = ORIENTED_EDGE('',*,*,#2444,.F.);
#3157 = ORIENTED_EDGE('',*,*,#2534,.F.);
#3158 = PLANE('',#3159);
#3159 = AXIS2_PLACEMENT_3D('',#3160,#3161,#3162);
#3160 = CARTESIAN_POINT('',(13.,0.780535737807,6.112827327868));
#3161 = DIRECTION('',(1.,0.,0.));
#3162 = DIRECTION('',(-0.,0.,1.));
#3163 = ADVANCED_FACE('',(#3164),#3174,.T.);
#3164 = FACE_BOUND('',#3165,.T.);
#3165 = EDGE_LOOP('',(#3166,#3172,#3173));
#3166 = ORIENTED_EDGE('',*,*,#3167,.T.);
#3167 = EDGE_CURVE('',#22,#2572,#3168,.T.);
#3168 = LINE('',#3169,#3170);
#3169 = CARTESIAN_POINT('',(13.,10.,0.));
#3170 = VECTOR('',#3171,1.);
#3171 = DIRECTION('',(0.,-0.817592602976,0.575797130558));
#3172 = ORIENTED_EDGE('',*,*,#2601,.F.);
#3173 = ORIENTED_EDGE('',*,*,#3151,.F.);
#3174 = PLANE('',#3175);
#3175 = AXIS2_PLACEMENT_3D('',#3176,#3177,#3178);
#3176 = CARTESIAN_POINT('',(13.,1.034635116827,6.182129210094));
#3177 = DIRECTION('',(1.,0.,0.));
#3178 = DIRECTION('',(-0.,0.,1.));
#3179 = ADVANCED_FACE('',(#3180),#3190,.T.);
#3180 = FACE_BOUND('',#3181,.T.);
#3181 = EDGE_LOOP('',(#3182,#3183,#3189));
#3182 = ORIENTED_EDGE('',*,*,#2972,.F.);
#3183 = ORIENTED_EDGE('',*,*,#3184,.T.);
#3184 = EDGE_CURVE('',#119,#2489,#3185,.T.);
#3185 = LINE('',#3186,#3187);
#3186 = CARTESIAN_POINT('',(13.,10.,30.));
#3187 = VECTOR('',#3188,1.);
#3188 = DIRECTION('',(0.,-0.791397014964,-0.611302514887));
#3189 = ORIENTED_EDGE('',*,*,#2518,.F.);
#3190 = PLANE('',#3191);
#3191 = AXIS2_PLACEMENT_3D('',#3192,#3193,#3194);
#3192 = CARTESIAN_POINT('',(13.,2.19003965538,23.802692924707));
#3193 = DIRECTION('',(1.,0.,0.));
#3194 = DIRECTION('',(-0.,0.,1.));
#3195 = ADVANCED_FACE('',(#3196),#3211,.T.);
#3196 = FACE_BOUND('',#3197,.T.);
#3197 = EDGE_LOOP('',(#3198,#3204,#3210));
#3198 = ORIENTED_EDGE('',*,*,#3199,.T.);
#3199 = EDGE_CURVE('',#1021,#1941,#3200,.T.);
#3200 = LINE('',#3201,#3202);
#3201 = CARTESIAN_POINT('',(-67.,10.,2.));
#3202 = VECTOR('',#3203,1.);
#3203 = DIRECTION('',(0.941194670762,0.,0.337864753607));
#3204 = ORIENTED_EDGE('',*,*,#3205,.T.);
#3205 = EDGE_CURVE('',#1941,#1043,#3206,.T.);
#3206 = LINE('',#3207,#3208);
#3207 = CARTESIAN_POINT('',(11.,10.,30.));
#3208 = VECTOR('',#3209,1.);
#3209 = DIRECTION('',(0.,0.,-1.));
#3210 = ORIENTED_EDGE('',*,*,#1042,.F.);
#3211 = PLANE('',#3212);
#3212 = AXIS2_PLACEMENT_3D('',#3213,#3214,#3215);
#3213 = CARTESIAN_POINT('',(-22.2183493551,10.,10.218349355101));
#3214 = DIRECTION('',(0.,1.,0.));
#3215 = DIRECTION('',(0.,-0.,1.));
#3216 = ADVANCED_FACE('',(#3217),#3227,.T.);
#3217 = FACE_BOUND('',#3218,.T.);
#3218 = EDGE_LOOP('',(#3219,#3220,#3221));
#3219 = ORIENTED_EDGE('',*,*,#1948,.F.);
#3220 = ORIENTED_EDGE('',*,*,#3199,.F.);
#3221 = ORIENTED_EDGE('',*,*,#3222,.T.);
#3222 = EDGE_CURVE('',#1021,#1949,#3223,.T.);
#3223 = LINE('',#3224,#3225);
#3224 = CARTESIAN_POINT('',(-67.,10.,2.));
#3225 = VECTOR('',#3226,1.);
#3226 = DIRECTION('',(0.,0.,1.));
#3227 = PLANE('',#3228);
#3228 = AXIS2_PLACEMENT_3D('',#3229,#3230,#3231);
#3229 = CARTESIAN_POINT('',(-33.78165064489,10.,21.781650644899));
#3230 = DIRECTION('',(0.,1.,0.));
#3231 = DIRECTION('',(0.,-0.,1.));
#3232 = ADVANCED_FACE('',(#3233),#3248,.T.);
#3233 = FACE_BOUND('',#3234,.T.);
#3234 = EDGE_LOOP('',(#3235,#3241,#3247));
#3235 = ORIENTED_EDGE('',*,*,#3236,.T.);
#3236 = EDGE_CURVE('',#2935,#1334,#3237,.T.);
#3237 = LINE('',#3238,#3239);
#3238 = CARTESIAN_POINT('',(11.,-6.563000202179,12.824999809265));
#3239 = VECTOR('',#3240,1.);
#3240 = DIRECTION('',(0.96747432454,0.190108765667,0.166889450155));
#3241 = ORIENTED_EDGE('',*,*,#3242,.T.);
#3242 = EDGE_CURVE('',#1334,#3075,#3243,.T.);
#3243 = LINE('',#3244,#3245);
#3244 = CARTESIAN_POINT('',(13.,-6.170000076294,13.170000076294));
#3245 = VECTOR('',#3246,1.);
#3246 = DIRECTION('',(-1.,0.,0.));
#3247 = ORIENTED_EDGE('',*,*,#3074,.F.);
#3248 = PLANE('',#3249);
#3249 = AXIS2_PLACEMENT_3D('',#3250,#3251,#3252);
#3250 = CARTESIAN_POINT('',(11.886072658981,-6.280882666424,
    13.072660353775));
#3251 = DIRECTION('',(0.,-0.659722331115,0.751509444936));
#3252 = DIRECTION('',(0.,0.751509444936,0.659722331115));
#3253 = ADVANCED_FACE('',(#3254),#3259,.T.);
#3254 = FACE_BOUND('',#3255,.T.);
#3255 = EDGE_LOOP('',(#3256,#3257,#3258));
#3256 = ORIENTED_EDGE('',*,*,#1341,.F.);
#3257 = ORIENTED_EDGE('',*,*,#3236,.F.);
#3258 = ORIENTED_EDGE('',*,*,#2934,.F.);
#3259 = PLANE('',#3260);
#3260 = AXIS2_PLACEMENT_3D('',#3261,#3262,#3263);
#3261 = CARTESIAN_POINT('',(12.113927341019,-6.452117612049,
    12.922339531785));
#3262 = DIRECTION('',(0.,-0.659722331115,0.751509444936));
#3263 = DIRECTION('',(0.,0.751509444936,0.659722331115));
#3264 = ADVANCED_FACE('',(#3265),#3280,.T.);
#3265 = FACE_BOUND('',#3266,.T.);
#3266 = EDGE_LOOP('',(#3267,#3273,#3279));
#3267 = ORIENTED_EDGE('',*,*,#3268,.T.);
#3268 = EDGE_CURVE('',#592,#2215,#3269,.T.);
#3269 = LINE('',#3270,#3271);
#3270 = CARTESIAN_POINT('',(-67.,8.,2.));
#3271 = VECTOR('',#3272,1.);
#3272 = DIRECTION('',(0.,-0.771930235617,0.635707252861));
#3273 = ORIENTED_EDGE('',*,*,#3274,.T.);
#3274 = EDGE_CURVE('',#2215,#594,#3275,.T.);
#3275 = LINE('',#3276,#3277);
#3276 = CARTESIAN_POINT('',(-67.,-26.,30.));
#3277 = VECTOR('',#3278,1.);
#3278 = DIRECTION('',(0.,0.,-1.));
#3279 = ORIENTED_EDGE('',*,*,#591,.F.);
#3280 = PLANE('',#3281);
#3281 = AXIS2_PLACEMENT_3D('',#3282,#3283,#3284);
#3282 = CARTESIAN_POINT('',(-67.,-13.48864222722,11.511357772773));
#3283 = DIRECTION('',(1.,0.,0.));
#3284 = DIRECTION('',(-0.,0.,1.));
#3285 = ADVANCED_FACE('',(#3286),#3291,.T.);
#3286 = FACE_BOUND('',#3287,.T.);
#3287 = EDGE_LOOP('',(#3288,#3289,#3290));
#3288 = ORIENTED_EDGE('',*,*,#2222,.F.);
#3289 = ORIENTED_EDGE('',*,*,#3268,.F.);
#3290 = ORIENTED_EDGE('',*,*,#2892,.F.);
#3291 = PLANE('',#3292);
#3292 = AXIS2_PLACEMENT_3D('',#3293,#3294,#3295);
#3293 = CARTESIAN_POINT('',(-67.,-4.511357772773,20.488642227227));
#3294 = DIRECTION('',(1.,0.,0.));
#3295 = DIRECTION('',(-0.,0.,1.));
#3296 = ADVANCED_FACE('',(#3297),#3307,.T.);
#3297 = FACE_BOUND('',#3298,.T.);
#3298 = EDGE_LOOP('',(#3299,#3300,#3306));
#3299 = ORIENTED_EDGE('',*,*,#568,.F.);
#3300 = ORIENTED_EDGE('',*,*,#3301,.T.);
#3301 = EDGE_CURVE('',#569,#2285,#3302,.T.);
#3302 = LINE('',#3303,#3304);
#3303 = CARTESIAN_POINT('',(11.,-11.8299999237,18.829999923706));
#3304 = VECTOR('',#3305,1.);
#3305 = DIRECTION('',(0.,-0.785336526978,0.619069090969));
#3306 = ORIENTED_EDGE('',*,*,#3136,.F.);
#3307 = PLANE('',#3308);
#3308 = AXIS2_PLACEMENT_3D('',#3309,#3310,#3311);
#3309 = CARTESIAN_POINT('',(11.,-18.71415308758,24.423162334959));
#3310 = DIRECTION('',(-1.,-0.,-0.));
#3311 = DIRECTION('',(0.,0.,-1.));
#3312 = ADVANCED_FACE('',(#3313),#3323,.T.);
#3313 = FACE_BOUND('',#3314,.T.);
#3314 = EDGE_LOOP('',(#3315,#3321,#3322));
#3315 = ORIENTED_EDGE('',*,*,#3316,.T.);
#3316 = EDGE_CURVE('',#22,#2798,#3317,.T.);
#3317 = LINE('',#3318,#3319);
#3318 = CARTESIAN_POINT('',(13.,10.,0.));
#3319 = VECTOR('',#3320,1.);
#3320 = DIRECTION('',(0.,-0.804865376824,0.593457433344));
#3321 = ORIENTED_EDGE('',*,*,#2827,.F.);
#3322 = ORIENTED_EDGE('',*,*,#3167,.F.);
#3323 = PLANE('',#3324);
#3324 = AXIS2_PLACEMENT_3D('',#3325,#3326,#3327);
#3325 = CARTESIAN_POINT('',(13.,1.277750929796,6.284208700895));
#3326 = DIRECTION('',(1.,0.,0.));
#3327 = DIRECTION('',(-0.,0.,1.));
#3328 = ADVANCED_FACE('',(#3329),#3334,.T.);
#3329 = FACE_BOUND('',#3330,.T.);
#3330 = EDGE_LOOP('',(#3331,#3332,#3333));
#3331 = ORIENTED_EDGE('',*,*,#3316,.F.);
#3332 = ORIENTED_EDGE('',*,*,#1325,.F.);
#3333 = ORIENTED_EDGE('',*,*,#2956,.F.);
#3334 = PLANE('',#3335);
#3335 = AXIS2_PLACEMENT_3D('',#3336,#3337,#3338);
#3336 = CARTESIAN_POINT('',(13.,1.505795408539,6.417479889229));
#3337 = DIRECTION('',(1.,0.,0.));
#3338 = DIRECTION('',(-0.,0.,1.));
#3339 = ADVANCED_FACE('',(#3340),#3345,.T.);
#3340 = FACE_BOUND('',#3341,.T.);
#3341 = EDGE_LOOP('',(#3342,#3343,#3344));
#3342 = ORIENTED_EDGE('',*,*,#2238,.F.);
#3343 = ORIENTED_EDGE('',*,*,#3222,.F.);
#3344 = ORIENTED_EDGE('',*,*,#1020,.F.);
#3345 = PLANE('',#3346);
#3346 = AXIS2_PLACEMENT_3D('',#3347,#3348,#3349);
#3347 = CARTESIAN_POINT('',(-67.5178344238,10.,16.482165576191));
#3348 = DIRECTION('',(0.,1.,0.));
#3349 = DIRECTION('',(0.,-0.,1.));
#3350 = ADVANCED_FACE('',(#3351),#3368,.T.);
#3351 = FACE_BOUND('',#3352,.T.);
#3352 = EDGE_LOOP('',(#3353,#3361,#3367));
#3353 = ORIENTED_EDGE('',*,*,#3354,.T.);
#3354 = EDGE_CURVE('',#3075,#3355,#3357,.T.);
#3355 = VERTEX_POINT('',#3356);
#3356 = CARTESIAN_POINT('',(13.,-5.824999809265,13.562999725342));
#3357 = LINE('',#3358,#3359);
#3358 = CARTESIAN_POINT('',(11.,-6.170000076294,13.170000076294));
#3359 = VECTOR('',#3360,1.);
#3360 = DIRECTION('',(0.967474366965,0.166889457473,0.19010854334));
#3361 = ORIENTED_EDGE('',*,*,#3362,.T.);
#3362 = EDGE_CURVE('',#3355,#3097,#3363,.T.);
#3363 = LINE('',#3364,#3365);
#3364 = CARTESIAN_POINT('',(13.,-5.824999809265,13.562999725342));
#3365 = VECTOR('',#3366,1.);
#3366 = DIRECTION('',(-1.,0.,0.));
#3367 = ORIENTED_EDGE('',*,*,#3096,.F.);
#3368 = PLANE('',#3369);
#3369 = AXIS2_PLACEMENT_3D('',#3370,#3371,#3372);
#3370 = CARTESIAN_POINT('',(11.886072725905,-5.922339524433,
    13.452117278123));
#3371 = DIRECTION('',(-0.,-0.751509048078,0.659722783187));
#3372 = DIRECTION('',(0.,-0.659722783187,-0.751509048078));
#3373 = ADVANCED_FACE('',(#3374),#3384,.T.);
#3374 = FACE_BOUND('',#3375,.T.);
#3375 = EDGE_LOOP('',(#3376,#3382,#3383));
#3376 = ORIENTED_EDGE('',*,*,#3377,.T.);
#3377 = EDGE_CURVE('',#1334,#3355,#3378,.T.);
#3378 = LINE('',#3379,#3380);
#3379 = CARTESIAN_POINT('',(13.,-6.170000076294,13.170000076294));
#3380 = VECTOR('',#3381,1.);
#3381 = DIRECTION('',(0.,0.659722783187,0.751509048078));
#3382 = ORIENTED_EDGE('',*,*,#3354,.F.);
#3383 = ORIENTED_EDGE('',*,*,#3242,.F.);
#3384 = PLANE('',#3385);
#3385 = AXIS2_PLACEMENT_3D('',#3386,#3387,#3388);
#3386 = CARTESIAN_POINT('',(12.113927274095,-6.072660361127,
    13.280882523513));
#3387 = DIRECTION('',(-0.,-0.751509048078,0.659722783187));
#3388 = DIRECTION('',(0.,-0.659722783187,-0.751509048078));
#3389 = ADVANCED_FACE('',(#3390),#3407,.T.);
#3390 = FACE_BOUND('',#3391,.T.);
#3391 = EDGE_LOOP('',(#3392,#3400,#3401));
#3392 = ORIENTED_EDGE('',*,*,#3393,.T.);
#3393 = EDGE_CURVE('',#3394,#2489,#3396,.T.);
#3394 = VERTEX_POINT('',#3395);
#3395 = CARTESIAN_POINT('',(13.,-5.824999809265,18.437000274658));
#3396 = LINE('',#3397,#3398);
#3397 = CARTESIAN_POINT('',(13.,-5.824999809265,18.437000274658));
#3398 = VECTOR('',#3399,1.);
#3399 = DIRECTION('',(0.,0.55513948496,-0.83175726762));
#3400 = ORIENTED_EDGE('',*,*,#3184,.F.);
#3401 = ORIENTED_EDGE('',*,*,#3402,.T.);
#3402 = EDGE_CURVE('',#119,#3394,#3403,.T.);
#3403 = LINE('',#3404,#3405);
#3404 = CARTESIAN_POINT('',(13.,10.,30.));
#3405 = VECTOR('',#3406,1.);
#3406 = DIRECTION('',(0.,-0.807425712953,-0.589969251794));
#3407 = PLANE('',#3408);
#3408 = AXIS2_PLACEMENT_3D('',#3409,#3410,#3411);
#3409 = CARTESIAN_POINT('',(13.,2.056924480679,24.031744439504));
#3410 = DIRECTION('',(1.,0.,0.));
#3411 = DIRECTION('',(-0.,0.,1.));
#3412 = ADVANCED_FACE('',(#3413),#3433,.T.);
#3413 = FACE_BOUND('',#3414,.T.);
#3414 = EDGE_LOOP('',(#3415,#3421,#3427));
#3415 = ORIENTED_EDGE('',*,*,#3416,.T.);
#3416 = EDGE_CURVE('',#624,#164,#3417,.T.);
#3417 = LINE('',#3418,#3419);
#3418 = CARTESIAN_POINT('',(11.,-26.,2.));
#3419 = VECTOR('',#3420,1.);
#3420 = DIRECTION('',(-0.999447233872,0.,3.324495008405E-02));
#3421 = ORIENTED_EDGE('',*,*,#3422,.T.);
#3422 = EDGE_CURVE('',#164,#408,#3423,.T.);
#3423 = LINE('',#3424,#3425);
#3424 = CARTESIAN_POINT('',(-19.00300025939,-26.,2.99799990654));
#3425 = VECTOR('',#3426,1.);
#3426 = DIRECTION('',(1.,0.,0.));
#3427 = ORIENTED_EDGE('',*,*,#3428,.T.);
#3428 = EDGE_CURVE('',#408,#624,#3429,.T.);
#3429 = LINE('',#3430,#3431);
#3430 = CARTESIAN_POINT('',(3.003000020981,-26.,2.99799990654));
#3431 = VECTOR('',#3432,1.);
#3432 = DIRECTION('',(0.992302675111,0.,-0.123836186022));
#3433 = PLANE('',#3434);
#3434 = AXIS2_PLACEMENT_3D('',#3435,#3436,#3437);
#3435 = CARTESIAN_POINT('',(-3.990140334622,-26.,2.681758732009));
#3436 = DIRECTION('',(0.,1.,0.));
#3437 = DIRECTION('',(0.,-0.,1.));
#3438 = ADVANCED_FACE('',(#3439),#3449,.T.);
#3439 = FACE_BOUND('',#3440,.T.);
#3440 = EDGE_LOOP('',(#3441,#3447,#3448));
#3441 = ORIENTED_EDGE('',*,*,#3442,.T.);
#3442 = EDGE_CURVE('',#594,#164,#3443,.T.);
#3443 = LINE('',#3444,#3445);
#3444 = CARTESIAN_POINT('',(-67.,-26.,2.));
#3445 = VECTOR('',#3446,1.);
#3446 = DIRECTION('',(0.999783896387,0.,2.07884709575E-02));
#3447 = ORIENTED_EDGE('',*,*,#3416,.F.);
#3448 = ORIENTED_EDGE('',*,*,#623,.F.);
#3449 = PLANE('',#3450);
#3450 = AXIS2_PLACEMENT_3D('',#3451,#3452,#3453);
#3451 = CARTESIAN_POINT('',(-27.99844518806,-26.,2.249543101299));
#3452 = DIRECTION('',(0.,1.,0.));
#3453 = DIRECTION('',(0.,-0.,1.));
#3454 = ADVANCED_FACE('',(#3455),#3472,.T.);
#3455 = FACE_BOUND('',#3456,.T.);
#3456 = EDGE_LOOP('',(#3457,#3465,#3466));
#3457 = ORIENTED_EDGE('',*,*,#3458,.T.);
#3458 = EDGE_CURVE('',#3459,#3394,#3461,.T.);
#3459 = VERTEX_POINT('',#3460);
#3460 = CARTESIAN_POINT('',(13.,-6.170000076294,18.829999923706));
#3461 = LINE('',#3462,#3463);
#3462 = CARTESIAN_POINT('',(13.,-6.170000076294,18.829999923706));
#3463 = VECTOR('',#3464,1.);
#3464 = DIRECTION('',(0.,0.659722783187,-0.751509048078));
#3465 = ORIENTED_EDGE('',*,*,#3402,.F.);
#3466 = ORIENTED_EDGE('',*,*,#3467,.T.);
#3467 = EDGE_CURVE('',#119,#3459,#3468,.T.);
#3468 = LINE('',#3469,#3470);
#3469 = CARTESIAN_POINT('',(13.,10.,30.));
#3470 = VECTOR('',#3471,1.);
#3471 = DIRECTION('',(0.,-0.822777927151,-0.568362984891));
#3472 = PLANE('',#3473);
#3473 = AXIS2_PLACEMENT_3D('',#3474,#3475,#3476);
#3474 = CARTESIAN_POINT('',(13.,1.895969656755,24.242161539693));
#3475 = DIRECTION('',(1.,0.,0.));
#3476 = DIRECTION('',(-0.,0.,1.));
#3477 = ADVANCED_FACE('',(#3478),#3495,.T.);
#3478 = FACE_BOUND('',#3479,.T.);
#3479 = EDGE_LOOP('',(#3480,#3488,#3494));
#3480 = ORIENTED_EDGE('',*,*,#3481,.T.);
#3481 = EDGE_CURVE('',#3097,#3482,#3484,.T.);
#3482 = VERTEX_POINT('',#3483);
#3483 = CARTESIAN_POINT('',(13.,-5.533999919891,13.998999595642));
#3484 = LINE('',#3485,#3486);
#3485 = CARTESIAN_POINT('',(11.,-5.824999809265,13.562999725342));
#3486 = VECTOR('',#3487,1.);
#3487 = DIRECTION('',(0.967326916919,0.140746012906,0.210877205157));
#3488 = ORIENTED_EDGE('',*,*,#3489,.T.);
#3489 = EDGE_CURVE('',#3482,#2639,#3490,.T.);
#3490 = LINE('',#3491,#3492);
#3491 = CARTESIAN_POINT('',(13.,-5.533999919891,13.998999595642));
#3492 = VECTOR('',#3493,1.);
#3493 = DIRECTION('',(-1.,0.,0.));
#3494 = ORIENTED_EDGE('',*,*,#3120,.F.);
#3495 = PLANE('',#3496);
#3496 = AXIS2_PLACEMENT_3D('',#3497,#3498,#3499);
#3497 = CARTESIAN_POINT('',(11.885840438152,-5.61612528831,
    13.875952641721));
#3498 = DIRECTION('',(-0.,-0.831756706941,0.555140325016));
#3499 = DIRECTION('',(0.,-0.555140325016,-0.831756706941));
#3500 = ADVANCED_FACE('',(#3501),#3511,.T.);
#3501 = FACE_BOUND('',#3502,.T.);
#3502 = EDGE_LOOP('',(#3503,#3509,#3510));
#3503 = ORIENTED_EDGE('',*,*,#3504,.T.);
#3504 = EDGE_CURVE('',#3355,#3482,#3505,.T.);
#3505 = LINE('',#3506,#3507);
#3506 = CARTESIAN_POINT('',(13.,-5.824999809265,13.562999725342));
#3507 = VECTOR('',#3508,1.);
#3508 = DIRECTION('',(0.,0.555140325016,0.831756706941));
#3509 = ORIENTED_EDGE('',*,*,#3481,.F.);
#3510 = ORIENTED_EDGE('',*,*,#3362,.F.);
#3511 = PLANE('',#3512);
#3512 = AXIS2_PLACEMENT_3D('',#3513,#3514,#3515);
#3513 = CARTESIAN_POINT('',(12.114159561848,-5.742874440846,
    13.686046679263));
#3514 = DIRECTION('',(-0.,-0.831756706941,0.555140325016));
#3515 = DIRECTION('',(0.,-0.555140325016,-0.831756706941));
#3516 = ADVANCED_FACE('',(#3517),#3532,.T.);
#3517 = FACE_BOUND('',#3518,.T.);
#3518 = EDGE_LOOP('',(#3519,#3520,#3526));
#3519 = ORIENTED_EDGE('',*,*,#964,.F.);
#3520 = ORIENTED_EDGE('',*,*,#3521,.T.);
#3521 = EDGE_CURVE('',#965,#2285,#3522,.T.);
#3522 = LINE('',#3523,#3524);
#3523 = CARTESIAN_POINT('',(11.,-12.46599960327,18.000999450684));
#3524 = VECTOR('',#3525,1.);
#3525 = DIRECTION('',(0.,-0.748265843623,0.663398995528));
#3526 = ORIENTED_EDGE('',*,*,#3527,.T.);
#3527 = EDGE_CURVE('',#2285,#716,#3528,.T.);
#3528 = LINE('',#3529,#3530);
#3529 = CARTESIAN_POINT('',(11.,-26.,30.));
#3530 = VECTOR('',#3531,1.);
#3531 = DIRECTION('',(0.,0.767069426422,-0.641564100499));
#3532 = PLANE('',#3533);
#3533 = AXIS2_PLACEMENT_3D('',#3534,#3535,#3536);
#3534 = CARTESIAN_POINT('',(11.,-19.06250909724,24.025024029935));
#3535 = DIRECTION('',(-1.,-0.,-0.));
#3536 = DIRECTION('',(0.,0.,-1.));
#3537 = ADVANCED_FACE('',(#3538),#3543,.T.);
#3538 = FACE_BOUND('',#3539,.T.);
#3539 = EDGE_LOOP('',(#3540,#3541,#3542));
#3540 = ORIENTED_EDGE('',*,*,#715,.F.);
#3541 = ORIENTED_EDGE('',*,*,#3527,.F.);
#3542 = ORIENTED_EDGE('',*,*,#3301,.F.);
#3543 = PLANE('',#3544);
#3544 = AXIS2_PLACEMENT_3D('',#3545,#3546,#3547);
#3545 = CARTESIAN_POINT('',(11.,-18.90117408491,24.235576951173));
#3546 = DIRECTION('',(-1.,-0.,-0.));
#3547 = DIRECTION('',(0.,0.,-1.));
#3548 = ADVANCED_FACE('',(#3549),#3564,.T.);
#3549 = FACE_BOUND('',#3550,.T.);
#3550 = EDGE_LOOP('',(#3551,#3557,#3558));
#3551 = ORIENTED_EDGE('',*,*,#3552,.T.);
#3552 = EDGE_CURVE('',#86,#2215,#3553,.T.);
#3553 = LINE('',#3554,#3555);
#3554 = CARTESIAN_POINT('',(-19.00300025939,-26.,11.003000259399));
#3555 = VECTOR('',#3556,1.);
#3556 = DIRECTION('',(-0.929818629611,0.,0.368018091985));
#3557 = ORIENTED_EDGE('',*,*,#2406,.F.);
#3558 = ORIENTED_EDGE('',*,*,#3559,.T.);
#3559 = EDGE_CURVE('',#2285,#86,#3560,.T.);
#3560 = LINE('',#3561,#3562);
#3561 = CARTESIAN_POINT('',(11.,-26.,30.));
#3562 = VECTOR('',#3563,1.);
#3563 = DIRECTION('',(-0.844881446814,0.,-0.534953587548));
#3564 = PLANE('',#3565);
#3565 = AXIS2_PLACEMENT_3D('',#3566,#3567,#3568);
#3566 = CARTESIAN_POINT('',(-27.5285633023,-26.,24.988131549841));
#3567 = DIRECTION('',(0.,1.,0.));
#3568 = DIRECTION('',(0.,-0.,1.));
#3569 = ADVANCED_FACE('',(#3570),#3592,.T.);
#3570 = FACE_BOUND('',#3571,.T.);
#3571 = EDGE_LOOP('',(#3572,#3580,#3586));
#3572 = ORIENTED_EDGE('',*,*,#3573,.T.);
#3573 = EDGE_CURVE('',#3574,#2285,#3576,.T.);
#3574 = VERTEX_POINT('',#3575);
#3575 = CARTESIAN_POINT('',(11.,-13.00300025939,16.));
#3576 = LINE('',#3577,#3578);
#3577 = CARTESIAN_POINT('',(11.,-13.00300025939,16.));
#3578 = VECTOR('',#3579,1.);
#3579 = DIRECTION('',(0.,-0.680366757115,0.732871800394));
#3580 = ORIENTED_EDGE('',*,*,#3581,.T.);
#3581 = EDGE_CURVE('',#2285,#1439,#3582,.T.);
#3582 = LINE('',#3583,#3584);
#3583 = CARTESIAN_POINT('',(11.,-26.,30.));
#3584 = VECTOR('',#3585,1.);
#3585 = DIRECTION('',(0.,0.695112135488,-0.71890132779));
#3586 = ORIENTED_EDGE('',*,*,#3587,.T.);
#3587 = EDGE_CURVE('',#1439,#3574,#3588,.T.);
#3588 = LINE('',#3589,#3590);
#3589 = CARTESIAN_POINT('',(11.,-12.96800041198,16.521999359131));
#3590 = VECTOR('',#3591,1.);
#3591 = DIRECTION('',(0.,-6.689938899219E-02,-0.997759726463));
#3592 = PLANE('',#3593);
#3593 = AXIS2_PLACEMENT_3D('',#3594,#3595,#3596);
#3594 = CARTESIAN_POINT('',(11.,-19.40411494668,23.035638143675));
#3595 = DIRECTION('',(-1.,-0.,-0.));
#3596 = DIRECTION('',(0.,0.,-1.));
#3597 = ADVANCED_FACE('',(#3598),#3620,.T.);
#3598 = FACE_BOUND('',#3599,.T.);
#3599 = EDGE_LOOP('',(#3600,#3608,#3614));
#3600 = ORIENTED_EDGE('',*,*,#3601,.T.);
#3601 = EDGE_CURVE('',#3574,#3602,#3604,.T.);
#3602 = VERTEX_POINT('',#3603);
#3603 = CARTESIAN_POINT('',(11.,-12.96800041198,15.477999687195));
#3604 = LINE('',#3605,#3606);
#3605 = CARTESIAN_POINT('',(11.,-13.00300025939,16.));
#3606 = VECTOR('',#3607,1.);
#3607 = DIRECTION('',(0.,6.689926731661E-02,-0.997759734622));
#3608 = ORIENTED_EDGE('',*,*,#3609,.T.);
#3609 = EDGE_CURVE('',#3602,#624,#3610,.T.);
#3610 = LINE('',#3611,#3612);
#3611 = CARTESIAN_POINT('',(11.,-12.96800041198,15.477999687195));
#3612 = VECTOR('',#3613,1.);
#3613 = DIRECTION('',(0.,-0.695112160907,-0.718901303211));
#3614 = ORIENTED_EDGE('',*,*,#3615,.T.);
#3615 = EDGE_CURVE('',#624,#3574,#3616,.T.);
#3616 = LINE('',#3617,#3618);
#3617 = CARTESIAN_POINT('',(11.,-26.,2.));
#3618 = VECTOR('',#3619,1.);
#3619 = DIRECTION('',(0.,0.680366757115,0.732871800394));
#3620 = PLANE('',#3621);
#3621 = AXIS2_PLACEMENT_3D('',#3622,#3623,#3624);
#3622 = CARTESIAN_POINT('',(11.,-19.40411478609,8.964361788873));
#3623 = DIRECTION('',(-1.,-0.,-0.));
#3624 = DIRECTION('',(0.,0.,-1.));
#3625 = ADVANCED_FACE('',(#3626),#3643,.T.);
#3626 = FACE_BOUND('',#3627,.T.);
#3627 = EDGE_LOOP('',(#3628,#3636,#3642));
#3628 = ORIENTED_EDGE('',*,*,#3629,.T.);
#3629 = EDGE_CURVE('',#3602,#3630,#3632,.T.);
#3630 = VERTEX_POINT('',#3631);
#3631 = CARTESIAN_POINT('',(11.,-12.86600017547,14.96399974823));
#3632 = LINE('',#3633,#3634);
#3633 = CARTESIAN_POINT('',(11.,-12.96800041198,15.477999687195));
#3634 = VECTOR('',#3635,1.);
#3635 = DIRECTION('',(0.,0.194648438365,-0.980873073054));
#3636 = ORIENTED_EDGE('',*,*,#3637,.T.);
#3637 = EDGE_CURVE('',#3630,#624,#3638,.T.);
#3638 = LINE('',#3639,#3640);
#3639 = CARTESIAN_POINT('',(11.,-12.86600017547,14.96399974823));
#3640 = VECTOR('',#3641,1.);
#3641 = DIRECTION('',(0.,-0.711697713753,-0.702485846291));
#3642 = ORIENTED_EDGE('',*,*,#3609,.F.);
#3643 = PLANE('',#3644);
#3644 = AXIS2_PLACEMENT_3D('',#3645,#3646,#3647);
#3645 = CARTESIAN_POINT('',(11.,-19.36783693956,8.703319911026));
#3646 = DIRECTION('',(-1.,-0.,-0.));
#3647 = DIRECTION('',(0.,0.,-1.));
#3648 = ADVANCED_FACE('',(#3649),#3659,.T.);
#3649 = FACE_BOUND('',#3650,.T.);
#3650 = EDGE_LOOP('',(#3651,#3657,#3658));
#3651 = ORIENTED_EDGE('',*,*,#3652,.T.);
#3652 = EDGE_CURVE('',#3630,#2254,#3653,.T.);
#3653 = LINE('',#3654,#3655);
#3654 = CARTESIAN_POINT('',(11.,-12.86600017547,14.96399974823));
#3655 = VECTOR('',#3656,1.);
#3656 = DIRECTION('',(0.,0.320807797822,-0.947144316805));
#3657 = ORIENTED_EDGE('',*,*,#2253,.F.);
#3658 = ORIENTED_EDGE('',*,*,#3637,.F.);
#3659 = PLANE('',#3660);
#3660 = AXIS2_PLACEMENT_3D('',#3661,#3662,#3663);
#3661 = CARTESIAN_POINT('',(11.,-19.29823862093,8.448222831981));
#3662 = DIRECTION('',(-1.,-0.,-0.));
#3663 = DIRECTION('',(0.,0.,-1.));
#3664 = ADVANCED_FACE('',(#3665),#3675,.T.);
#3665 = FACE_BOUND('',#3666,.T.);
#3666 = EDGE_LOOP('',(#3667,#3673,#3674));
#3667 = ORIENTED_EDGE('',*,*,#3668,.T.);
#3668 = EDGE_CURVE('',#624,#2285,#3669,.T.);
#3669 = LINE('',#3670,#3671);
#3670 = CARTESIAN_POINT('',(11.,-26.,2.));
#3671 = VECTOR('',#3672,1.);
#3672 = DIRECTION('',(0.,0.,1.));
#3673 = ORIENTED_EDGE('',*,*,#3573,.F.);
#3674 = ORIENTED_EDGE('',*,*,#3615,.F.);
#3675 = PLANE('',#3676);
#3676 = AXIS2_PLACEMENT_3D('',#3677,#3678,#3679);
#3677 = CARTESIAN_POINT('',(11.,-22.24986691524,16.));
#3678 = DIRECTION('',(-1.,-0.,-0.));
#3679 = DIRECTION('',(0.,0.,-1.));
#3680 = ADVANCED_FACE('',(#3681),#3691,.T.);
#3681 = FACE_BOUND('',#3682,.T.);
#3682 = EDGE_LOOP('',(#3683,#3684,#3690));
#3683 = ORIENTED_EDGE('',*,*,#204,.F.);
#3684 = ORIENTED_EDGE('',*,*,#3685,.T.);
#3685 = EDGE_CURVE('',#197,#624,#3686,.T.);
#3686 = LINE('',#3687,#3688);
#3687 = CARTESIAN_POINT('',(11.,-11.43700027465,12.824999809265));
#3688 = VECTOR('',#3689,1.);
#3689 = DIRECTION('',(0.,-0.80256517556,-0.596564446626));
#3690 = ORIENTED_EDGE('',*,*,#2467,.F.);
#3691 = PLANE('',#3692);
#3692 = AXIS2_PLACEMENT_3D('',#3693,#3694,#3695);
#3693 = CARTESIAN_POINT('',(11.,-18.71415296617,7.576837518006));
#3694 = DIRECTION('',(-1.,-0.,-0.));
#3695 = DIRECTION('',(0.,0.,-1.));
#3696 = ADVANCED_FACE('',(#3697),#3707,.T.);
#3697 = FACE_BOUND('',#3698,.T.);
#3698 = EDGE_LOOP('',(#3699,#3700,#3701));
#3699 = ORIENTED_EDGE('',*,*,#3685,.F.);
#3700 = ORIENTED_EDGE('',*,*,#469,.F.);
#3701 = ORIENTED_EDGE('',*,*,#3702,.T.);
#3702 = EDGE_CURVE('',#462,#624,#3703,.T.);
#3703 = LINE('',#3704,#3705);
#3704 = CARTESIAN_POINT('',(11.,-11.00100040435,12.534000396729));
#3705 = VECTOR('',#3706,1.);
#3706 = DIRECTION('',(0.,-0.818341484121,-0.574732298872));
#3707 = PLANE('',#3708);
#3708 = AXIS2_PLACEMENT_3D('',#3709,#3710,#3711);
#3709 = CARTESIAN_POINT('',(11.,-18.50425262544,7.415043792891));
#3710 = DIRECTION('',(-1.,-0.,-0.));
#3711 = DIRECTION('',(0.,0.,-1.));
#3712 = ADVANCED_FACE('',(#3713),#3718,.T.);
#3713 = FACE_BOUND('',#3714,.T.);
#3714 = EDGE_LOOP('',(#3715,#3716,#3717));
#3715 = ORIENTED_EDGE('',*,*,#3702,.F.);
#3716 = ORIENTED_EDGE('',*,*,#515,.F.);
#3717 = ORIENTED_EDGE('',*,*,#2843,.F.);
#3718 = PLANE('',#3719);
#3719 = AXIS2_PLACEMENT_3D('',#3720,#3721,#3722);
#3720 = CARTESIAN_POINT('',(11.,-18.27598921711,7.281408936064));
#3721 = DIRECTION('',(-1.,-0.,-0.));
#3722 = DIRECTION('',(0.,0.,-1.));
#3723 = ADVANCED_FACE('',(#3724),#3734,.T.);
#3724 = FACE_BOUND('',#3725,.T.);
#3725 = EDGE_LOOP('',(#3726,#3732,#3733));
#3726 = ORIENTED_EDGE('',*,*,#3727,.T.);
#3727 = EDGE_CURVE('',#22,#3355,#3728,.T.);
#3728 = LINE('',#3729,#3730);
#3729 = CARTESIAN_POINT('',(13.,10.,0.));
#3730 = VECTOR('',#3731,1.);
#3731 = DIRECTION('',(0.,-0.759287085724,0.650755807852));
#3732 = ORIENTED_EDGE('',*,*,#3377,.F.);
#3733 = ORIENTED_EDGE('',*,*,#1333,.F.);
#3734 = PLANE('',#3735);
#3735 = AXIS2_PLACEMENT_3D('',#3736,#3737,#3738);
#3736 = CARTESIAN_POINT('',(13.,1.902148405725,6.766001511999));
#3737 = DIRECTION('',(1.,0.,0.));
#3738 = DIRECTION('',(-0.,0.,1.));
#3739 = ADVANCED_FACE('',(#3740),#3750,.T.);
#3740 = FACE_BOUND('',#3741,.T.);
#3741 = EDGE_LOOP('',(#3742,#3748,#3749));
#3742 = ORIENTED_EDGE('',*,*,#3743,.T.);
#3743 = EDGE_CURVE('',#22,#3482,#3744,.T.);
#3744 = LINE('',#3745,#3746);
#3745 = CARTESIAN_POINT('',(13.,10.,0.));
#3746 = VECTOR('',#3747,1.);
#3747 = DIRECTION('',(0.,-0.742856469678,0.669450719215));
#3748 = ORIENTED_EDGE('',*,*,#3504,.F.);
#3749 = ORIENTED_EDGE('',*,*,#3727,.F.);
#3750 = PLANE('',#3751);
#3751 = AXIS2_PLACEMENT_3D('',#3752,#3753,#3754);
#3752 = CARTESIAN_POINT('',(13.,2.063165003098,6.97611296479));
#3753 = DIRECTION('',(1.,0.,0.));
#3754 = DIRECTION('',(-0.,0.,1.));
#3755 = ADVANCED_FACE('',(#3756),#3773,.T.);
#3756 = FACE_BOUND('',#3757,.T.);
#3757 = EDGE_LOOP('',(#3758,#3766,#3772));
#3758 = ORIENTED_EDGE('',*,*,#3759,.T.);
#3759 = EDGE_CURVE('',#2639,#3760,#3762,.T.);
#3760 = VERTEX_POINT('',#3761);
#3761 = CARTESIAN_POINT('',(13.,-5.302000045776,14.468000411987));
#3762 = LINE('',#3763,#3764);
#3763 = CARTESIAN_POINT('',(11.,-5.533999919891,13.998999595642));
#3764 = VECTOR('',#3765,1.);
#3765 = DIRECTION('',(0.967439074722,0.112222871775,0.226864857904));
#3766 = ORIENTED_EDGE('',*,*,#3767,.T.);
#3767 = EDGE_CURVE('',#3760,#739,#3768,.T.);
#3768 = LINE('',#3769,#3770);
#3769 = CARTESIAN_POINT('',(13.,-5.302000045776,14.468000411987));
#3770 = VECTOR('',#3771,1.);
#3771 = DIRECTION('',(-1.,0.,0.));
#3772 = ORIENTED_EDGE('',*,*,#2646,.F.);
#3773 = PLANE('',#3774);
#3774 = AXIS2_PLACEMENT_3D('',#3775,#3776,#3777);
#3775 = CARTESIAN_POINT('',(11.886017071148,-5.367461502917,
    14.335666388294));
#3776 = DIRECTION('',(-0.,-0.89633057781,0.443386395013));
#3777 = DIRECTION('',(0.,-0.443386395013,-0.89633057781));
#3778 = ADVANCED_FACE('',(#3779),#3789,.T.);
#3779 = FACE_BOUND('',#3780,.T.);
#3780 = EDGE_LOOP('',(#3781,#3787,#3788));
#3781 = ORIENTED_EDGE('',*,*,#3782,.T.);
#3782 = EDGE_CURVE('',#3482,#3760,#3783,.T.);
#3783 = LINE('',#3784,#3785);
#3784 = CARTESIAN_POINT('',(13.,-5.533999919891,13.998999595642));
#3785 = VECTOR('',#3786,1.);
#3786 = DIRECTION('',(0.,0.443386395013,0.89633057781));
#3787 = ORIENTED_EDGE('',*,*,#3759,.F.);
#3788 = ORIENTED_EDGE('',*,*,#3489,.F.);
#3789 = PLANE('',#3790);
#3790 = AXIS2_PLACEMENT_3D('',#3791,#3792,#3793);
#3791 = CARTESIAN_POINT('',(12.113982928852,-5.468538462751,
    14.131333619336));
#3792 = DIRECTION('',(-0.,-0.89633057781,0.443386395013));
#3793 = DIRECTION('',(0.,-0.443386395013,-0.89633057781));
#3794 = ADVANCED_FACE('',(#3795),#3805,.T.);
#3795 = FACE_BOUND('',#3796,.T.);
#3796 = EDGE_LOOP('',(#3797,#3798,#3799));
#3797 = ORIENTED_EDGE('',*,*,#163,.F.);
#3798 = ORIENTED_EDGE('',*,*,#3442,.F.);
#3799 = ORIENTED_EDGE('',*,*,#3800,.T.);
#3800 = EDGE_CURVE('',#594,#86,#3801,.T.);
#3801 = LINE('',#3802,#3803);
#3802 = CARTESIAN_POINT('',(-67.,-26.,2.));
#3803 = VECTOR('',#3804,1.);
#3804 = DIRECTION('',(0.982858969476,0.,0.184359014209));
#3805 = PLANE('',#3806);
#3806 = AXIS2_PLACEMENT_3D('',#3807,#3808,#3809);
#3807 = CARTESIAN_POINT('',(-41.16922047575,-26.,4.706922953514));
#3808 = DIRECTION('',(0.,1.,0.));
#3809 = DIRECTION('',(0.,-0.,1.));
#3810 = ADVANCED_FACE('',(#3811),#3816,.T.);
#3811 = FACE_BOUND('',#3812,.T.);
#3812 = EDGE_LOOP('',(#3813,#3814,#3815));
#3813 = ORIENTED_EDGE('',*,*,#3274,.F.);
#3814 = ORIENTED_EDGE('',*,*,#3552,.F.);
#3815 = ORIENTED_EDGE('',*,*,#3800,.F.);
#3816 = PLANE('',#3817);
#3817 = AXIS2_PLACEMENT_3D('',#3818,#3819,#3820);
#3818 = CARTESIAN_POINT('',(-48.23262558997,-26.,14.197919671319));
#3819 = DIRECTION('',(0.,1.,0.));
#3820 = DIRECTION('',(0.,-0.,1.));
#3821 = ADVANCED_FACE('',(#3822),#3832,.T.);
#3822 = FACE_BOUND('',#3823,.T.);
#3823 = EDGE_LOOP('',(#3824,#3825,#3831));
#3824 = ORIENTED_EDGE('',*,*,#1157,.F.);
#3825 = ORIENTED_EDGE('',*,*,#3826,.T.);
#3826 = EDGE_CURVE('',#1158,#2285,#3827,.T.);
#3827 = LINE('',#3828,#3829);
#3828 = CARTESIAN_POINT('',(11.,-12.69799995422,17.531999588013));
#3829 = VECTOR('',#3830,1.);
#3830 = DIRECTION('',(0.,-0.729609030414,0.683864506126));
#3831 = ORIENTED_EDGE('',*,*,#3521,.F.);
#3832 = PLANE('',#3833);
#3833 = AXIS2_PLACEMENT_3D('',#3834,#3835,#3836);
#3834 = CARTESIAN_POINT('',(11.,-19.19594374508,23.795917479132));
#3835 = DIRECTION('',(-1.,-0.,-0.));
#3836 = DIRECTION('',(0.,0.,-1.));
#3837 = ADVANCED_FACE('',(#3838),#3848,.T.);
#3838 = FACE_BOUND('',#3839,.T.);
#3839 = EDGE_LOOP('',(#3840,#3846,#3847));
#3840 = ORIENTED_EDGE('',*,*,#3841,.T.);
#3841 = EDGE_CURVE('',#22,#3760,#3842,.T.);
#3842 = LINE('',#3843,#3844);
#3843 = CARTESIAN_POINT('',(13.,10.,0.));
#3844 = VECTOR('',#3845,1.);
#3845 = DIRECTION('',(0.,-0.726631129074,0.687027803121));
#3846 = ORIENTED_EDGE('',*,*,#3782,.F.);
#3847 = ORIENTED_EDGE('',*,*,#3743,.F.);
#3848 = PLANE('',#3849);
#3849 = AXIS2_PLACEMENT_3D('',#3850,#3851,#3852);
#3850 = CARTESIAN_POINT('',(13.,2.196275909248,7.204790323302));
#3851 = DIRECTION('',(1.,0.,0.));
#3852 = DIRECTION('',(-0.,0.,1.));
#3853 = ADVANCED_FACE('',(#3854),#3864,.T.);
#3854 = FACE_BOUND('',#3855,.T.);
#3855 = EDGE_LOOP('',(#3856,#3857,#3863));
#3856 = ORIENTED_EDGE('',*,*,#39,.F.);
#3857 = ORIENTED_EDGE('',*,*,#3858,.T.);
#3858 = EDGE_CURVE('',#32,#3760,#3859,.T.);
#3859 = LINE('',#3860,#3861);
#3860 = CARTESIAN_POINT('',(13.,-5.133999824524,14.96399974823));
#3861 = VECTOR('',#3862,1.);
#3862 = DIRECTION('',(0.,-0.320807797822,-0.947144316805));
#3863 = ORIENTED_EDGE('',*,*,#3841,.F.);
#3864 = PLANE('',#3865);
#3865 = AXIS2_PLACEMENT_3D('',#3866,#3867,#3868);
#3866 = CARTESIAN_POINT('',(13.,2.298261646491,7.448539504545));
#3867 = DIRECTION('',(1.,0.,0.));
#3868 = DIRECTION('',(-0.,0.,1.));
#3869 = ADVANCED_FACE('',(#3870),#3885,.T.);
#3870 = FACE_BOUND('',#3871,.T.);
#3871 = EDGE_LOOP('',(#3872,#3878,#3884));
#3872 = ORIENTED_EDGE('',*,*,#3873,.T.);
#3873 = EDGE_CURVE('',#2497,#3394,#3874,.T.);
#3874 = LINE('',#3875,#3876);
#3875 = CARTESIAN_POINT('',(11.,-5.533999919891,18.000999450684));
#3876 = VECTOR('',#3877,1.);
#3877 = DIRECTION('',(0.967326822828,-0.140745999216,0.210877645903));
#3878 = ORIENTED_EDGE('',*,*,#3879,.T.);
#3879 = EDGE_CURVE('',#3394,#2683,#3880,.T.);
#3880 = LINE('',#3881,#3882);
#3881 = CARTESIAN_POINT('',(13.,-5.824999809265,18.437000274658));
#3882 = VECTOR('',#3883,1.);
#3883 = DIRECTION('',(-1.,0.,0.));
#3884 = ORIENTED_EDGE('',*,*,#2734,.F.);
#3885 = PLANE('',#3886);
#3886 = AXIS2_PLACEMENT_3D('',#3887,#3888,#3889);
#3887 = CARTESIAN_POINT('',(11.885840290123,-5.742874427123,
    18.313953031031));
#3888 = DIRECTION('',(-0.,-0.83175726762,-0.55513948496));
#3889 = DIRECTION('',(0.,0.55513948496,-0.83175726762));
#3890 = ADVANCED_FACE('',(#3891),#3896,.T.);
#3891 = FACE_BOUND('',#3892,.T.);
#3892 = EDGE_LOOP('',(#3893,#3894,#3895));
#3893 = ORIENTED_EDGE('',*,*,#3393,.F.);
#3894 = ORIENTED_EDGE('',*,*,#3873,.F.);
#3895 = ORIENTED_EDGE('',*,*,#2496,.F.);
#3896 = PLANE('',#3897);
#3897 = AXIS2_PLACEMENT_3D('',#3898,#3899,#3900);
#3898 = CARTESIAN_POINT('',(12.114159709877,-5.616125302034,
    18.124046694311));
#3899 = DIRECTION('',(-0.,-0.83175726762,-0.55513948496));
#3900 = DIRECTION('',(0.,0.55513948496,-0.83175726762));
#3901 = ADVANCED_FACE('',(#3902),#3917,.T.);
#3902 = FACE_BOUND('',#3903,.T.);
#3903 = EDGE_LOOP('',(#3904,#3910,#3916));
#3904 = ORIENTED_EDGE('',*,*,#3905,.T.);
#3905 = EDGE_CURVE('',#2285,#297,#3906,.T.);
#3906 = LINE('',#3907,#3908);
#3907 = CARTESIAN_POINT('',(11.,-26.,30.));
#3908 = VECTOR('',#3909,1.);
#3909 = DIRECTION('',(0.707106781187,-0.707106781187,0.));
#3910 = ORIENTED_EDGE('',*,*,#3911,.T.);
#3911 = EDGE_CURVE('',#297,#1356,#3912,.T.);
#3912 = LINE('',#3913,#3914);
#3913 = CARTESIAN_POINT('',(13.,-28.,30.));
#3914 = VECTOR('',#3915,1.);
#3915 = DIRECTION('',(-5.547001962252E-02,0.998460353205,0.));
#3916 = ORIENTED_EDGE('',*,*,#2373,.F.);
#3917 = PLANE('',#3918);
#3918 = AXIS2_PLACEMENT_3D('',#3919,#3920,#3921);
#3919 = CARTESIAN_POINT('',(11.533504911284,-10.19322859252,30.));
#3920 = DIRECTION('',(0.,0.,1.));
#3921 = DIRECTION('',(1.,0.,-0.));
#3922 = ADVANCED_FACE('',(#3923),#3938,.T.);
#3923 = FACE_BOUND('',#3924,.T.);
#3924 = EDGE_LOOP('',(#3925,#3931,#3937));
#3925 = ORIENTED_EDGE('',*,*,#3926,.T.);
#3926 = EDGE_CURVE('',#739,#32,#3927,.T.);
#3927 = LINE('',#3928,#3929);
#3928 = CARTESIAN_POINT('',(11.,-5.302000045776,14.468000411987));
#3929 = VECTOR('',#3930,1.);
#3930 = DIRECTION('',(0.96738772675,8.126067606545E-02,0.239911835179));
#3931 = ORIENTED_EDGE('',*,*,#3932,.T.);
#3932 = EDGE_CURVE('',#32,#747,#3933,.T.);
#3933 = LINE('',#3934,#3935);
#3934 = CARTESIAN_POINT('',(13.,-5.133999824524,14.96399974823));
#3935 = VECTOR('',#3936,1.);
#3936 = DIRECTION('',(-1.,0.,0.));
#3937 = ORIENTED_EDGE('',*,*,#746,.F.);
#3938 = PLANE('',#3939);
#3939 = AXIS2_PLACEMENT_3D('',#3940,#3941,#3942);
#3940 = CARTESIAN_POINT('',(11.885936160647,-5.181407366036,
    14.824034997305));
#3941 = DIRECTION('',(-0.,-0.947144316805,0.320807797822));
#3942 = DIRECTION('',(0.,-0.320807797822,-0.947144316805));
#3943 = ADVANCED_FACE('',(#3944),#3949,.T.);
#3944 = FACE_BOUND('',#3945,.T.);
#3945 = EDGE_LOOP('',(#3946,#3947,#3948));
#3946 = ORIENTED_EDGE('',*,*,#3858,.F.);
#3947 = ORIENTED_EDGE('',*,*,#3926,.F.);
#3948 = ORIENTED_EDGE('',*,*,#3767,.F.);
#3949 = PLANE('',#3950);
#3950 = AXIS2_PLACEMENT_3D('',#3951,#3952,#3953);
#3951 = CARTESIAN_POINT('',(12.114063839353,-5.254592504264,
    14.607965162913));
#3952 = DIRECTION('',(-0.,-0.947144316805,0.320807797822));
#3953 = DIRECTION('',(0.,-0.320807797822,-0.947144316805));
#3954 = ADVANCED_FACE('',(#3955),#3965,.T.);
#3955 = FACE_BOUND('',#3956,.T.);
#3956 = EDGE_LOOP('',(#3957,#3958,#3964));
#3957 = ORIENTED_EDGE('',*,*,#1302,.F.);
#3958 = ORIENTED_EDGE('',*,*,#3959,.T.);
#3959 = EDGE_CURVE('',#1303,#2285,#3960,.T.);
#3960 = LINE('',#3961,#3962);
#3961 = CARTESIAN_POINT('',(11.,-12.86600017547,17.035999298096));
#3962 = VECTOR('',#3963,1.);
#3963 = DIRECTION('',(0.,-0.711697687917,0.702485872466));
#3964 = ORIENTED_EDGE('',*,*,#3826,.F.);
#3965 = PLANE('',#3966);
#3966 = AXIS2_PLACEMENT_3D('',#3967,#3968,#3969);
#3967 = CARTESIAN_POINT('',(11.,-19.29823846518,23.55177677206));
#3968 = DIRECTION('',(-1.,-0.,-0.));
#3969 = DIRECTION('',(0.,0.,-1.));
#3970 = ADVANCED_FACE('',(#3971),#3981,.T.);
#3971 = FACE_BOUND('',#3972,.T.);
#3972 = EDGE_LOOP('',(#3973,#3974,#3975));
#3973 = ORIENTED_EDGE('',*,*,#3428,.F.);
#3974 = ORIENTED_EDGE('',*,*,#416,.F.);
#3975 = ORIENTED_EDGE('',*,*,#3976,.T.);
#3976 = EDGE_CURVE('',#56,#624,#3977,.T.);
#3977 = LINE('',#3978,#3979);
#3978 = CARTESIAN_POINT('',(3.003000020981,-26.,11.003000259399));
#3979 = VECTOR('',#3980,1.);
#3980 = DIRECTION('',(0.664100909625,0.,-0.74764295077));
#3981 = PLANE('',#3982);
#3982 = AXIS2_PLACEMENT_3D('',#3983,#3984,#3985);
#3983 = CARTESIAN_POINT('',(5.862663719218,-26.,5.495952957969));
#3984 = DIRECTION('',(0.,1.,0.));
#3985 = DIRECTION('',(0.,-0.,1.));
#3986 = ADVANCED_FACE('',(#3987),#3997,.T.);
#3987 = FACE_BOUND('',#3988,.T.);
#3988 = EDGE_LOOP('',(#3989,#3995,#3996));
#3989 = ORIENTED_EDGE('',*,*,#3990,.T.);
#3990 = EDGE_CURVE('',#56,#2285,#3991,.T.);
#3991 = LINE('',#3992,#3993);
#3992 = CARTESIAN_POINT('',(3.003000020981,-26.,11.003000259399));
#3993 = VECTOR('',#3994,1.);
#3994 = DIRECTION('',(0.387985426606,0.,0.921665508057));
#3995 = ORIENTED_EDGE('',*,*,#3668,.F.);
#3996 = ORIENTED_EDGE('',*,*,#3976,.F.);
#3997 = PLANE('',#3998);
#3998 = AXIS2_PLACEMENT_3D('',#3999,#4000,#4001);
#3999 = CARTESIAN_POINT('',(8.847363876328,-26.,15.643938686162));
#4000 = DIRECTION('',(0.,1.,0.));
#4001 = DIRECTION('',(0.,-0.,1.));
#4002 = ADVANCED_FACE('',(#4003),#4008,.T.);
#4003 = FACE_BOUND('',#4004,.T.);
#4004 = EDGE_LOOP('',(#4005,#4006,#4007));
#4005 = ORIENTED_EDGE('',*,*,#3990,.F.);
#4006 = ORIENTED_EDGE('',*,*,#85,.F.);
#4007 = ORIENTED_EDGE('',*,*,#3559,.F.);
#4008 = PLANE('',#4009);
#4009 = AXIS2_PLACEMENT_3D('',#4010,#4011,#4012);
#4010 = CARTESIAN_POINT('',(-2.224973201076,-26.,17.826133127953));
#4011 = DIRECTION('',(0.,1.,0.));
#4012 = DIRECTION('',(0.,-0.,1.));
#4013 = ADVANCED_FACE('',(#4014),#4019,.T.);
#4014 = FACE_BOUND('',#4015,.T.);
#4015 = EDGE_LOOP('',(#4016,#4017,#4018));
#4016 = ORIENTED_EDGE('',*,*,#3017,.F.);
#4017 = ORIENTED_EDGE('',*,*,#2421,.F.);
#4018 = ORIENTED_EDGE('',*,*,#3031,.F.);
#4019 = PLANE('',#4020);
#4020 = AXIS2_PLACEMENT_3D('',#4021,#4022,#4023);
#4021 = CARTESIAN_POINT('',(11.,-0.22152150913,7.109469704973));
#4022 = DIRECTION('',(-1.,-0.,-0.));
#4023 = DIRECTION('',(0.,0.,-1.));
#4024 = ADVANCED_FACE('',(#4025),#4040,.T.);
#4025 = FACE_BOUND('',#4026,.T.);
#4026 = EDGE_LOOP('',(#4027,#4033,#4039));
#4027 = ORIENTED_EDGE('',*,*,#4028,.T.);
#4028 = EDGE_CURVE('',#1356,#119,#4029,.T.);
#4029 = LINE('',#4030,#4031);
#4030 = CARTESIAN_POINT('',(11.,8.,30.));
#4031 = VECTOR('',#4032,1.);
#4032 = DIRECTION('',(0.707106781187,0.707106781187,0.));
#4033 = ORIENTED_EDGE('',*,*,#4034,.T.);
#4034 = EDGE_CURVE('',#119,#1941,#4035,.T.);
#4035 = LINE('',#4036,#4037);
#4036 = CARTESIAN_POINT('',(13.,10.,30.));
#4037 = VECTOR('',#4038,1.);
#4038 = DIRECTION('',(-1.,0.,0.));
#4039 = ORIENTED_EDGE('',*,*,#1970,.F.);
#4040 = PLANE('',#4041);
#4041 = AXIS2_PLACEMENT_3D('',#4042,#4043,#4044);
#4042 = CARTESIAN_POINT('',(11.707106781187,9.292893218813,30.));
#4043 = DIRECTION('',(0.,0.,1.));
#4044 = DIRECTION('',(1.,0.,-0.));
#4045 = ADVANCED_FACE('',(#4046),#4051,.T.);
#4046 = FACE_BOUND('',#4047,.T.);
#4047 = EDGE_LOOP('',(#4048,#4049,#4050));
#4048 = ORIENTED_EDGE('',*,*,#3911,.F.);
#4049 = ORIENTED_EDGE('',*,*,#768,.F.);
#4050 = ORIENTED_EDGE('',*,*,#4028,.F.);
#4051 = PLANE('',#4052);
#4052 = AXIS2_PLACEMENT_3D('',#4053,#4054,#4055);
#4053 = CARTESIAN_POINT('',(12.494251466036,-8.806771407473,30.));
#4054 = DIRECTION('',(0.,0.,1.));
#4055 = DIRECTION('',(1.,0.,-0.));
#4056 = ADVANCED_FACE('',(#4057),#4072,.T.);
#4057 = FACE_BOUND('',#4058,.T.);
#4058 = EDGE_LOOP('',(#4059,#4065,#4071));
#4059 = ORIENTED_EDGE('',*,*,#4060,.T.);
#4060 = EDGE_CURVE('',#2683,#3459,#4061,.T.);
#4061 = LINE('',#4062,#4063);
#4062 = CARTESIAN_POINT('',(11.,-5.824999809265,18.437000274658));
#4063 = VECTOR('',#4064,1.);
#4064 = DIRECTION('',(0.967474366965,-0.166889457473,0.19010854334));
#4065 = ORIENTED_EDGE('',*,*,#4066,.T.);
#4066 = EDGE_CURVE('',#3459,#2691,#4067,.T.);
#4067 = LINE('',#4068,#4069);
#4068 = CARTESIAN_POINT('',(13.,-6.170000076294,18.829999923706));
#4069 = VECTOR('',#4070,1.);
#4070 = DIRECTION('',(-1.,0.,0.));
#4071 = ORIENTED_EDGE('',*,*,#2690,.F.);
#4072 = PLANE('',#4073);
#4073 = AXIS2_PLACEMENT_3D('',#4074,#4075,#4076);
#4074 = CARTESIAN_POINT('',(11.886072725905,-6.072660361127,
    18.719117476487));
#4075 = DIRECTION('',(-0.,-0.751509048078,-0.659722783187));
#4076 = DIRECTION('',(0.,0.659722783187,-0.751509048078));
#4077 = ADVANCED_FACE('',(#4078),#4083,.T.);
#4078 = FACE_BOUND('',#4079,.T.);
#4079 = EDGE_LOOP('',(#4080,#4081,#4082));
#4080 = ORIENTED_EDGE('',*,*,#3458,.F.);
#4081 = ORIENTED_EDGE('',*,*,#4060,.F.);
#4082 = ORIENTED_EDGE('',*,*,#3879,.F.);
#4083 = PLANE('',#4084);
#4084 = AXIS2_PLACEMENT_3D('',#4085,#4086,#4087);
#4085 = CARTESIAN_POINT('',(12.113927274095,-5.922339524433,
    18.547882721877));
#4086 = DIRECTION('',(-0.,-0.751509048078,-0.659722783187));
#4087 = DIRECTION('',(0.,0.659722783187,-0.751509048078));
#4088 = ADVANCED_FACE('',(#4089),#4099,.T.);
#4089 = FACE_BOUND('',#4090,.T.);
#4090 = EDGE_LOOP('',(#4091,#4097,#4098));
#4091 = ORIENTED_EDGE('',*,*,#4092,.T.);
#4092 = EDGE_CURVE('',#164,#431,#4093,.T.);
#4093 = LINE('',#4094,#4095);
#4094 = CARTESIAN_POINT('',(-19.00300025939,-26.,2.99799990654));
#4095 = VECTOR('',#4096,1.);
#4096 = DIRECTION('',(0.995895431958,-9.051126231653E-02,0.));
#4097 = ORIENTED_EDGE('',*,*,#439,.F.);
#4098 = ORIENTED_EDGE('',*,*,#3422,.F.);
#4099 = PLANE('',#4100);
#4100 = AXIS2_PLACEMENT_3D('',#4101,#4102,#4103);
#4101 = CARTESIAN_POINT('',(-7.522674468994,-26.52267434978,
    2.99799990654));
#4102 = DIRECTION('',(0.,0.,1.));
#4103 = DIRECTION('',(1.,0.,-0.));
#4104 = ADVANCED_FACE('',(#4105),#4110,.T.);
#4105 = FACE_BOUND('',#4106,.T.);
#4106 = EDGE_LOOP('',(#4107,#4108,#4109));
#4107 = ORIENTED_EDGE('',*,*,#864,.F.);
#4108 = ORIENTED_EDGE('',*,*,#4092,.F.);
#4109 = ORIENTED_EDGE('',*,*,#172,.F.);
#4110 = PLANE('',#4111);
#4111 = AXIS2_PLACEMENT_3D('',#4112,#4113,#4114);
#4112 = CARTESIAN_POINT('',(-8.477325769424,-27.47732565021,
    2.99799990654));
#4113 = DIRECTION('',(0.,0.,1.));
#4114 = DIRECTION('',(1.,0.,-0.));
#4115 = ADVANCED_FACE('',(#4116),#4140,.T.);
#4116 = FACE_BOUND('',#4117,.T.);
#4117 = EDGE_LOOP('',(#4118,#4128,#4134));
#4118 = ORIENTED_EDGE('',*,*,#4119,.T.);
#4119 = EDGE_CURVE('',#4120,#4122,#4124,.T.);
#4120 = VERTEX_POINT('',#4121);
#4121 = CARTESIAN_POINT('',(13.,-6.999000072479,19.465999603271));
#4122 = VERTEX_POINT('',#4123);
#4123 = CARTESIAN_POINT('',(13.,-6.563000202179,19.174999237061));
#4124 = LINE('',#4125,#4126);
#4125 = CARTESIAN_POINT('',(13.,-6.999000072479,19.465999603271));
#4126 = VECTOR('',#4127,1.);
#4127 = DIRECTION('',(0.,0.831756286912,-0.555140954338));
#4128 = ORIENTED_EDGE('',*,*,#4129,.T.);
#4129 = EDGE_CURVE('',#4122,#119,#4130,.T.);
#4130 = LINE('',#4131,#4132);
#4131 = CARTESIAN_POINT('',(13.,-6.563000202179,19.174999237061));
#4132 = VECTOR('',#4133,1.);
#4133 = DIRECTION('',(0.,0.837077312387,0.547084612366));
#4134 = ORIENTED_EDGE('',*,*,#4135,.T.);
#4135 = EDGE_CURVE('',#119,#4120,#4136,.T.);
#4136 = LINE('',#4137,#4138);
#4137 = CARTESIAN_POINT('',(13.,10.,30.));
#4138 = VECTOR('',#4139,1.);
#4139 = DIRECTION('',(0.,-0.85002314295,-0.526745343073));
#4140 = PLANE('',#4141);
#4141 = AXIS2_PLACEMENT_3D('',#4142,#4143,#4144);
#4142 = CARTESIAN_POINT('',(13.,1.499815382278,24.591191946081));
#4143 = DIRECTION('',(1.,0.,0.));
#4144 = DIRECTION('',(-0.,0.,1.));
#4145 = ADVANCED_FACE('',(#4146),#4156,.T.);
#4146 = FACE_BOUND('',#4147,.T.);
#4147 = EDGE_LOOP('',(#4148,#4154,#4155));
#4148 = ORIENTED_EDGE('',*,*,#4149,.T.);
#4149 = EDGE_CURVE('',#4122,#3459,#4150,.T.);
#4150 = LINE('',#4151,#4152);
#4151 = CARTESIAN_POINT('',(13.,-6.563000202179,19.174999237061));
#4152 = VECTOR('',#4153,1.);
#4153 = DIRECTION('',(0.,0.75151034908,-0.659721301176));
#4154 = ORIENTED_EDGE('',*,*,#3467,.F.);
#4155 = ORIENTED_EDGE('',*,*,#4129,.F.);
#4156 = PLANE('',#4157);
#4157 = AXIS2_PLACEMENT_3D('',#4158,#4159,#4160);
#4158 = CARTESIAN_POINT('',(13.,1.709335720032,24.429582310544));
#4159 = DIRECTION('',(1.,0.,0.));
#4160 = DIRECTION('',(-0.,0.,1.));
#4161 = ADVANCED_FACE('',(#4162),#4167,.T.);
#4162 = FACE_BOUND('',#4163,.T.);
#4163 = EDGE_LOOP('',(#4164,#4165,#4166));
#4164 = ORIENTED_EDGE('',*,*,#1438,.F.);
#4165 = ORIENTED_EDGE('',*,*,#3581,.F.);
#4166 = ORIENTED_EDGE('',*,*,#3959,.F.);
#4167 = PLANE('',#4168);
#4168 = AXIS2_PLACEMENT_3D('',#4169,#4170,#4171);
#4169 = CARTESIAN_POINT('',(11.,-19.36783694283,23.296679608795));
#4170 = DIRECTION('',(-1.,-0.,-0.));
#4171 = DIRECTION('',(0.,0.,-1.));
#4172 = ADVANCED_FACE('',(#4173),#4188,.T.);
#4173 = FACE_BOUND('',#4174,.T.);
#4174 = EDGE_LOOP('',(#4175,#4181,#4187));
#4175 = ORIENTED_EDGE('',*,*,#4176,.T.);
#4176 = EDGE_CURVE('',#747,#24,#4177,.T.);
#4177 = LINE('',#4178,#4179);
#4178 = CARTESIAN_POINT('',(11.,-5.133999824524,14.96399974823));
#4179 = VECTOR('',#4180,1.);
#4180 = DIRECTION('',(0.967346936515,4.933457752301E-02,0.248608133163)
  );
#4181 = ORIENTED_EDGE('',*,*,#4182,.T.);
#4182 = EDGE_CURVE('',#24,#989,#4183,.T.);
#4183 = LINE('',#4184,#4185);
#4184 = CARTESIAN_POINT('',(13.,-5.03200006485,15.477999687195));
#4185 = VECTOR('',#4186,1.);
#4186 = DIRECTION('',(-1.,0.,0.));
#4187 = ORIENTED_EDGE('',*,*,#988,.F.);
#4188 = PLANE('',#4189);
#4189 = AXIS2_PLACEMENT_3D('',#4190,#4191,#4192);
#4190 = CARTESIAN_POINT('',(11.885871939934,-5.060785195938,
    15.332944878538));
#4191 = DIRECTION('',(-0.,-0.980873246787,0.194647562886));
#4192 = DIRECTION('',(0.,-0.194647562886,-0.980873246787));
#4193 = ADVANCED_FACE('',(#4194),#4199,.T.);
#4194 = FACE_BOUND('',#4195,.T.);
#4195 = EDGE_LOOP('',(#4196,#4197,#4198));
#4196 = ORIENTED_EDGE('',*,*,#31,.F.);
#4197 = ORIENTED_EDGE('',*,*,#4176,.F.);
#4198 = ORIENTED_EDGE('',*,*,#3932,.F.);
#4199 = PLANE('',#4200);
#4200 = AXIS2_PLACEMENT_3D('',#4201,#4202,#4203);
#4201 = CARTESIAN_POINT('',(12.114128060066,-5.105214693436,
    15.109054556886));
#4202 = DIRECTION('',(-0.,-0.980873246787,0.194647562886));
#4203 = DIRECTION('',(0.,-0.194647562886,-0.980873246787));
#4204 = ADVANCED_FACE('',(#4205),#4215,.T.);
#4205 = FACE_BOUND('',#4206,.T.);
#4206 = EDGE_LOOP('',(#4207,#4208,#4214));
#4207 = ORIENTED_EDGE('',*,*,#2400,.F.);
#4208 = ORIENTED_EDGE('',*,*,#4209,.T.);
#4209 = EDGE_CURVE('',#1812,#297,#4210,.T.);
#4210 = LINE('',#4211,#4212);
#4211 = CARTESIAN_POINT('',(-69.,-28.,30.));
#4212 = VECTOR('',#4213,1.);
#4213 = DIRECTION('',(1.,0.,0.));
#4214 = ORIENTED_EDGE('',*,*,#3905,.F.);
#4215 = PLANE('',#4216);
#4216 = AXIS2_PLACEMENT_3D('',#4217,#4218,#4219);
#4217 = CARTESIAN_POINT('',(-27.79914224255,-27.49741156961,30.));
#4218 = DIRECTION('',(0.,0.,1.));
#4219 = DIRECTION('',(1.,0.,-0.));
#4220 = ADVANCED_FACE('',(#4221),#4236,.T.);
#4221 = FACE_BOUND('',#4222,.T.);
#4222 = EDGE_LOOP('',(#4223,#4224,#4230));
#4223 = ORIENTED_EDGE('',*,*,#1888,.F.);
#4224 = ORIENTED_EDGE('',*,*,#4225,.T.);
#4225 = EDGE_CURVE('',#831,#1011,#4226,.T.);
#4226 = LINE('',#4227,#4228);
#4227 = CARTESIAN_POINT('',(13.,-28.,0.));
#4228 = VECTOR('',#4229,1.);
#4229 = DIRECTION('',(-0.907310606534,0.420461012784,0.));
#4230 = ORIENTED_EDGE('',*,*,#4231,.T.);
#4231 = EDGE_CURVE('',#1011,#22,#4232,.T.);
#4232 = LINE('',#4233,#4234);
#4233 = CARTESIAN_POINT('',(-69.,10.,0.));
#4234 = VECTOR('',#4235,1.);
#4235 = DIRECTION('',(1.,0.,0.));
#4236 = PLANE('',#4237);
#4237 = AXIS2_PLACEMENT_3D('',#4238,#4239,#4240);
#4238 = CARTESIAN_POINT('',(-20.59424705539,-1.59424705539,0.));
#4239 = DIRECTION('',(-0.,-0.,-1.));
#4240 = DIRECTION('',(-1.,0.,0.));
#4241 = ADVANCED_FACE('',(#4242),#4252,.T.);
#4242 = FACE_BOUND('',#4243,.T.);
#4243 = EDGE_LOOP('',(#4244,#4250,#4251));
#4244 = ORIENTED_EDGE('',*,*,#4245,.T.);
#4245 = EDGE_CURVE('',#111,#4120,#4246,.T.);
#4246 = LINE('',#4247,#4248);
#4247 = CARTESIAN_POINT('',(13.,-7.46799993515,19.697999954224));
#4248 = VECTOR('',#4249,1.);
#4249 = DIRECTION('',(0.,0.896329857325,-0.443387851511));
#4250 = ORIENTED_EDGE('',*,*,#4135,.F.);
#4251 = ORIENTED_EDGE('',*,*,#118,.F.);
#4252 = PLANE('',#4253);
#4253 = AXIS2_PLACEMENT_3D('',#4254,#4255,#4256);
#4254 = CARTESIAN_POINT('',(13.,1.271938020359,24.724598164518));
#4255 = DIRECTION('',(1.,0.,0.));
#4256 = DIRECTION('',(-0.,0.,1.));
#4257 = ADVANCED_FACE('',(#4258),#4268,.T.);
#4258 = FACE_BOUND('',#4259,.T.);
#4259 = EDGE_LOOP('',(#4260,#4266,#4267));
#4260 = ORIENTED_EDGE('',*,*,#4261,.T.);
#4261 = EDGE_CURVE('',#4122,#2691,#4262,.T.);
#4262 = LINE('',#4263,#4264);
#4263 = CARTESIAN_POINT('',(13.,-6.563000202179,19.174999237061));
#4264 = VECTOR('',#4265,1.);
#4265 = DIRECTION('',(-0.967474399026,0.190108780304,-0.166889001676));
#4266 = ORIENTED_EDGE('',*,*,#4066,.F.);
#4267 = ORIENTED_EDGE('',*,*,#4149,.F.);
#4268 = PLANE('',#4269);
#4269 = AXIS2_PLACEMENT_3D('',#4270,#4271,#4272);
#4270 = CARTESIAN_POINT('',(12.113927223519,-6.28088265172,
    18.927339364244));
#4271 = DIRECTION('',(-0.,-0.659721301176,-0.75151034908));
#4272 = DIRECTION('',(0.,-0.75151034908,0.659721301176));
#4273 = ADVANCED_FACE('',(#4274),#4284,.T.);
#4274 = FACE_BOUND('',#4275,.T.);
#4275 = EDGE_LOOP('',(#4276,#4277,#4278));
#4276 = ORIENTED_EDGE('',*,*,#2712,.F.);
#4277 = ORIENTED_EDGE('',*,*,#4261,.F.);
#4278 = ORIENTED_EDGE('',*,*,#4279,.T.);
#4279 = EDGE_CURVE('',#4122,#1738,#4280,.T.);
#4280 = LINE('',#4281,#4282);
#4281 = CARTESIAN_POINT('',(13.,-6.563000202179,19.174999237061));
#4282 = VECTOR('',#4283,1.);
#4283 = DIRECTION('',(-1.,0.,0.));
#4284 = PLANE('',#4285);
#4285 = AXIS2_PLACEMENT_3D('',#4286,#4287,#4288);
#4286 = CARTESIAN_POINT('',(11.886072776481,-6.452117626753,
    19.077659796523));
#4287 = DIRECTION('',(-0.,-0.659721301176,-0.75151034908));
#4288 = DIRECTION('',(0.,-0.75151034908,0.659721301176));
#4289 = ADVANCED_FACE('',(#4290),#4295,.T.);
#4290 = FACE_BOUND('',#4291,.T.);
#4291 = EDGE_LOOP('',(#4292,#4293,#4294));
#4292 = ORIENTED_EDGE('',*,*,#1819,.F.);
#4293 = ORIENTED_EDGE('',*,*,#4225,.F.);
#4294 = ORIENTED_EDGE('',*,*,#828,.F.);
#4295 = PLANE('',#4296);
#4296 = AXIS2_PLACEMENT_3D('',#4297,#4298,#4299);
#4297 = CARTESIAN_POINT('',(-35.40575294461,-16.40575294461,0.));
#4298 = DIRECTION('',(-0.,-0.,-1.));
#4299 = DIRECTION('',(-1.,0.,0.));
#4300 = ADVANCED_FACE('',(#4301),#4306,.T.);
#4301 = FACE_BOUND('',#4302,.T.);
#4302 = EDGE_LOOP('',(#4303,#4304,#4305));
#4303 = ORIENTED_EDGE('',*,*,#2813,.F.);
#4304 = ORIENTED_EDGE('',*,*,#3058,.F.);
#4305 = ORIENTED_EDGE('',*,*,#3038,.F.);
#4306 = PLANE('',#4307);
#4307 = AXIS2_PLACEMENT_3D('',#4308,#4309,#4310);
#4308 = CARTESIAN_POINT('',(11.,0.275989392656,7.28140882001));
#4309 = DIRECTION('',(-1.,-0.,-0.));
#4310 = DIRECTION('',(0.,0.,-1.));
#4311 = ADVANCED_FACE('',(#4312),#4322,.T.);
#4312 = FACE_BOUND('',#4313,.T.);
#4313 = EDGE_LOOP('',(#4314,#4320,#4321));
#4314 = ORIENTED_EDGE('',*,*,#4315,.T.);
#4315 = EDGE_CURVE('',#785,#989,#4316,.T.);
#4316 = LINE('',#4317,#4318);
#4317 = CARTESIAN_POINT('',(13.,-4.998000144958,16.));
#4318 = VECTOR('',#4319,1.);
#4319 = DIRECTION('',(-0.967455530376,-1.644670526562E-02,
    -0.252506044741));
#4320 = ORIENTED_EDGE('',*,*,#4182,.F.);
#4321 = ORIENTED_EDGE('',*,*,#813,.F.);
#4322 = PLANE('',#4323);
#4323 = AXIS2_PLACEMENT_3D('',#4324,#4325,#4326);
#4324 = CARTESIAN_POINT('',(12.113956983242,-5.022406873761,
    15.625283820959));
#4325 = DIRECTION('',(-0.,-0.997885512615,6.499618229601E-02));
#4326 = DIRECTION('',(0.,-6.499618229601E-02,-0.997885512615));
#4327 = ADVANCED_FACE('',(#4328),#4333,.T.);
#4328 = FACE_BOUND('',#4329,.T.);
#4329 = EDGE_LOOP('',(#4330,#4331,#4332));
#4330 = ORIENTED_EDGE('',*,*,#1112,.F.);
#4331 = ORIENTED_EDGE('',*,*,#4315,.F.);
#4332 = ORIENTED_EDGE('',*,*,#1768,.F.);
#4333 = PLANE('',#4334);
#4334 = AXIS2_PLACEMENT_3D('',#4335,#4336,#4337);
#4335 = CARTESIAN_POINT('',(11.886043016758,-5.007593336047,
    15.852715866236));
#4336 = DIRECTION('',(-0.,-0.997885512615,6.499618229601E-02));
#4337 = DIRECTION('',(0.,-6.499618229601E-02,-0.997885512615));
#4338 = ADVANCED_FACE('',(#4339),#4349,.T.);
#4339 = FACE_BOUND('',#4340,.T.);
#4340 = EDGE_LOOP('',(#4341,#4347,#4348));
#4341 = ORIENTED_EDGE('',*,*,#4342,.T.);
#4342 = EDGE_CURVE('',#4120,#1738,#4343,.T.);
#4343 = LINE('',#4344,#4345);
#4344 = CARTESIAN_POINT('',(13.,-6.999000072479,19.465999603271));
#4345 = VECTOR('',#4346,1.);
#4346 = DIRECTION('',(-0.96732688552,0.210877198312,-0.140746238966));
#4347 = ORIENTED_EDGE('',*,*,#4279,.F.);
#4348 = ORIENTED_EDGE('',*,*,#4119,.F.);
#4349 = PLANE('',#4350);
#4350 = AXIS2_PLACEMENT_3D('',#4351,#4352,#4353);
#4351 = CARTESIAN_POINT('',(12.114159611248,-6.686047162962,
    19.257124744631));
#4352 = DIRECTION('',(-0.,-0.555140954338,-0.831756286912));
#4353 = DIRECTION('',(0.,-0.831756286912,0.555140954338));
#4354 = ADVANCED_FACE('',(#4355),#4365,.T.);
#4355 = FACE_BOUND('',#4356,.T.);
#4356 = EDGE_LOOP('',(#4357,#4358,#4359));
#4357 = ORIENTED_EDGE('',*,*,#1745,.F.);
#4358 = ORIENTED_EDGE('',*,*,#4342,.F.);
#4359 = ORIENTED_EDGE('',*,*,#4360,.T.);
#4360 = EDGE_CURVE('',#4120,#1621,#4361,.T.);
#4361 = LINE('',#4362,#4363);
#4362 = CARTESIAN_POINT('',(13.,-6.999000072479,19.465999603271));
#4363 = VECTOR('',#4364,1.);
#4364 = DIRECTION('',(-1.,0.,0.));
#4365 = PLANE('',#4366);
#4366 = AXIS2_PLACEMENT_3D('',#4367,#4368,#4369);
#4367 = CARTESIAN_POINT('',(11.885840388752,-6.875953111696,
    19.383874095701));
#4368 = DIRECTION('',(-0.,-0.555140954338,-0.831756286912));
#4369 = DIRECTION('',(0.,-0.831756286912,0.555140954338));
#4370 = ADVANCED_FACE('',(#4371),#4376,.T.);
#4371 = FACE_BOUND('',#4372,.T.);
#4372 = EDGE_LOOP('',(#4373,#4374,#4375));
#4373 = ORIENTED_EDGE('',*,*,#2860,.F.);
#4374 = ORIENTED_EDGE('',*,*,#1568,.F.);
#4375 = ORIENTED_EDGE('',*,*,#2618,.F.);
#4376 = PLANE('',#4377);
#4377 = AXIS2_PLACEMENT_3D('',#4378,#4379,#4380);
#4378 = CARTESIAN_POINT('',(10.262135086661,-28.,14.651646886215));
#4379 = DIRECTION('',(-0.,-1.,-0.));
#4380 = DIRECTION('',(0.,0.,-1.));
#4381 = ADVANCED_FACE('',(#4382),#4387,.T.);
#4382 = FACE_BOUND('',#4383,.T.);
#4383 = EDGE_LOOP('',(#4384,#4385,#4386));
#4384 = ORIENTED_EDGE('',*,*,#4209,.F.);
#4385 = ORIENTED_EDGE('',*,*,#2765,.F.);
#4386 = ORIENTED_EDGE('',*,*,#2624,.F.);
#4387 = PLANE('',#4388);
#4388 = AXIS2_PLACEMENT_3D('',#4389,#4390,#4391);
#4389 = CARTESIAN_POINT('',(-27.56845257303,-28.,25.011471797399));
#4390 = DIRECTION('',(-0.,-1.,-0.));
#4391 = DIRECTION('',(0.,0.,-1.));
#4392 = ADVANCED_FACE('',(#4393),#4403,.T.);
#4393 = FACE_BOUND('',#4394,.T.);
#4394 = EDGE_LOOP('',(#4395,#4401,#4402));
#4395 = ORIENTED_EDGE('',*,*,#4396,.T.);
#4396 = EDGE_CURVE('',#111,#1621,#4397,.T.);
#4397 = LINE('',#4398,#4399);
#4398 = CARTESIAN_POINT('',(13.,-7.46799993515,19.697999954224));
#4399 = VECTOR('',#4400,1.);
#4400 = DIRECTION('',(-0.967439150927,0.226864414464,-0.11222311127));
#4401 = ORIENTED_EDGE('',*,*,#4360,.F.);
#4402 = ORIENTED_EDGE('',*,*,#4245,.F.);
#4403 = PLANE('',#4404);
#4404 = AXIS2_PLACEMENT_3D('',#4405,#4406,#4407);
#4405 = CARTESIAN_POINT('',(12.113982808717,-7.13133380914,
    19.531461186081));
#4406 = DIRECTION('',(-0.,-0.443387851511,-0.896329857325));
#4407 = DIRECTION('',(0.,-0.896329857325,0.443387851511));
#4408 = ADVANCED_FACE('',(#4409),#4419,.T.);
#4409 = FACE_BOUND('',#4410,.T.);
#4410 = EDGE_LOOP('',(#4411,#4412,#4413));
#4411 = ORIENTED_EDGE('',*,*,#1620,.F.);
#4412 = ORIENTED_EDGE('',*,*,#4396,.F.);
#4413 = ORIENTED_EDGE('',*,*,#4414,.T.);
#4414 = EDGE_CURVE('',#111,#1623,#4415,.T.);
#4415 = LINE('',#4416,#4417);
#4416 = CARTESIAN_POINT('',(13.,-7.46799993515,19.697999954224));
#4417 = VECTOR('',#4418,1.);
#4418 = DIRECTION('',(-1.,0.,0.));
#4419 = PLANE('',#4420);
#4420 = AXIS2_PLACEMENT_3D('',#4421,#4422,#4423);
#4421 = CARTESIAN_POINT('',(11.886017191283,-7.33566619849,
    19.632538371414));
#4422 = DIRECTION('',(-0.,-0.443387851511,-0.896329857325));
#4423 = DIRECTION('',(0.,-0.896329857325,0.443387851511));
#4424 = ADVANCED_FACE('',(#4425),#4435,.T.);
#4425 = FACE_BOUND('',#4426,.T.);
#4426 = EDGE_LOOP('',(#4427,#4428,#4429));
#4427 = ORIENTED_EDGE('',*,*,#3205,.F.);
#4428 = ORIENTED_EDGE('',*,*,#4034,.F.);
#4429 = ORIENTED_EDGE('',*,*,#4430,.T.);
#4430 = EDGE_CURVE('',#119,#1043,#4431,.T.);
#4431 = LINE('',#4432,#4433);
#4432 = CARTESIAN_POINT('',(13.,10.,30.));
#4433 = VECTOR('',#4434,1.);
#4434 = DIRECTION('',(-7.124704998791E-02,0.,-0.997458699831));
#4435 = PLANE('',#4436);
#4436 = AXIS2_PLACEMENT_3D('',#4437,#4438,#4439);
#4437 = CARTESIAN_POINT('',(11.517834423809,10.,16.482165576191));
#4438 = DIRECTION('',(0.,1.,0.));
#4439 = DIRECTION('',(0.,-0.,1.));
#4440 = ADVANCED_FACE('',(#4441),#4451,.T.);
#4441 = FACE_BOUND('',#4442,.T.);
#4442 = EDGE_LOOP('',(#4443,#4444,#4450));
#4443 = ORIENTED_EDGE('',*,*,#792,.F.);
#4444 = ORIENTED_EDGE('',*,*,#4445,.T.);
#4445 = EDGE_CURVE('',#22,#1043,#4446,.T.);
#4446 = LINE('',#4447,#4448);
#4447 = CARTESIAN_POINT('',(13.,10.,0.));
#4448 = VECTOR('',#4449,1.);
#4449 = DIRECTION('',(-0.707106781187,0.,0.707106781187));
#4450 = ORIENTED_EDGE('',*,*,#4430,.F.);
#4451 = PLANE('',#4452);
#4452 = AXIS2_PLACEMENT_3D('',#4453,#4454,#4455);
#4453 = CARTESIAN_POINT('',(12.492612739781,10.,14.810727642623));
#4454 = DIRECTION('',(0.,1.,0.));
#4455 = DIRECTION('',(0.,-0.,1.));
#4456 = ADVANCED_FACE('',(#4457),#4472,.T.);
#4457 = FACE_BOUND('',#4458,.T.);
#4458 = EDGE_LOOP('',(#4459,#4465,#4471));
#4459 = ORIENTED_EDGE('',*,*,#4460,.T.);
#4460 = EDGE_CURVE('',#380,#2008,#4461,.T.);
#4461 = LINE('',#4462,#4463);
#4462 = CARTESIAN_POINT('',(13.,-8.477999687195,19.968000411987));
#4463 = VECTOR('',#4464,1.);
#4464 = DIRECTION('',(-1.,0.,0.));
#4465 = ORIENTED_EDGE('',*,*,#4466,.T.);
#4466 = EDGE_CURVE('',#2008,#109,#4467,.T.);
#4467 = LINE('',#4468,#4469);
#4468 = CARTESIAN_POINT('',(11.,-8.477999687195,19.968000411987));
#4469 = VECTOR('',#4470,1.);
#4470 = DIRECTION('',(0.96734695896,0.248607908298,-4.933527056816E-02)
  );
#4471 = ORIENTED_EDGE('',*,*,#879,.F.);
#4472 = PLANE('',#4473);
#4473 = AXIS2_PLACEMENT_3D('',#4474,#4475,#4476);
#4474 = CARTESIAN_POINT('',(12.114128024741,-8.33294501889,
    19.939214878345));
#4475 = DIRECTION('',(-0.,-0.194650363056,-0.980872691108));
#4476 = DIRECTION('',(0.,-0.980872691108,0.194650363056));
#4477 = ADVANCED_FACE('',(#4478),#4488,.T.);
#4478 = FACE_BOUND('',#4479,.T.);
#4479 = EDGE_LOOP('',(#4480,#4486,#4487));
#4480 = ORIENTED_EDGE('',*,*,#4481,.T.);
#4481 = EDGE_CURVE('',#109,#1623,#4482,.T.);
#4482 = LINE('',#4483,#4484);
#4483 = CARTESIAN_POINT('',(13.,-7.964000225067,19.865999221802));
#4484 = VECTOR('',#4485,1.);
#4485 = DIRECTION('',(-0.967387655953,0.239912278907,-8.12602088321E-02)
  );
#4486 = ORIENTED_EDGE('',*,*,#4414,.F.);
#4487 = ORIENTED_EDGE('',*,*,#108,.F.);
#4488 = PLANE('',#4489);
#4489 = AXIS2_PLACEMENT_3D('',#4490,#4491,#4492);
#4490 = CARTESIAN_POINT('',(12.114063950858,-7.607964972806,
    19.745407232588));
#4491 = DIRECTION('',(-0.,-0.320805610797,-0.947145057571));
#4492 = DIRECTION('',(0.,-0.947145057571,0.320805610797));
#4493 = ADVANCED_FACE('',(#4494),#4504,.T.);
#4494 = FACE_BOUND('',#4495,.T.);
#4495 = EDGE_LOOP('',(#4496,#4497,#4498));
#4496 = ORIENTED_EDGE('',*,*,#1714,.F.);
#4497 = ORIENTED_EDGE('',*,*,#4481,.F.);
#4498 = ORIENTED_EDGE('',*,*,#4499,.T.);
#4499 = EDGE_CURVE('',#109,#1715,#4500,.T.);
#4500 = LINE('',#4501,#4502);
#4501 = CARTESIAN_POINT('',(13.,-7.964000225067,19.865999221802));
#4502 = VECTOR('',#4503,1.);
#4503 = DIRECTION('',(-1.,0.,0.));
#4504 = PLANE('',#4505);
#4505 = AXIS2_PLACEMENT_3D('',#4506,#4507,#4508);
#4506 = CARTESIAN_POINT('',(11.885936049142,-7.824035187411,
    19.818591943438));
#4507 = DIRECTION('',(-0.,-0.320805610797,-0.947145057571));
#4508 = DIRECTION('',(0.,-0.947145057571,0.320805610797));
#4509 = ADVANCED_FACE('',(#4510),#4515,.T.);
#4510 = FACE_BOUND('',#4511,.T.);
#4511 = EDGE_LOOP('',(#4512,#4513,#4514));
#4512 = ORIENTED_EDGE('',*,*,#4231,.F.);
#4513 = ORIENTED_EDGE('',*,*,#1050,.F.);
#4514 = ORIENTED_EDGE('',*,*,#4445,.F.);
#4515 = PLANE('',#4516);
#4516 = AXIS2_PLACEMENT_3D('',#4517,#4518,#4519);
#4517 = CARTESIAN_POINT('',(-27.79914224255,10.,0.502588430386));
#4518 = DIRECTION('',(0.,1.,0.));
#4519 = DIRECTION('',(0.,-0.,1.));
#4520 = ADVANCED_FACE('',(#4521),#4526,.T.);
#4521 = FACE_BOUND('',#4522,.T.);
#4522 = EDGE_LOOP('',(#4523,#4524,#4525));
#4523 = ORIENTED_EDGE('',*,*,#2007,.F.);
#4524 = ORIENTED_EDGE('',*,*,#4499,.F.);
#4525 = ORIENTED_EDGE('',*,*,#4466,.F.);
#4526 = PLANE('',#4527);
#4527 = AXIS2_PLACEMENT_3D('',#4528,#4529,#4530);
#4528 = CARTESIAN_POINT('',(11.885871975259,-8.109054893372,
    19.894784755444));
#4529 = DIRECTION('',(-0.,-0.194650363056,-0.980872691108));
#4530 = DIRECTION('',(0.,-0.980872691108,0.194650363056));
#4531 = ADVANCED_FACE('',(#4532),#4542,.T.);
#4532 = FACE_BOUND('',#4533,.T.);
#4533 = EDGE_LOOP('',(#4534,#4540,#4541));
#4534 = ORIENTED_EDGE('',*,*,#4535,.T.);
#4535 = EDGE_CURVE('',#357,#2008,#4536,.T.);
#4536 = LINE('',#4537,#4538);
#4537 = CARTESIAN_POINT('',(13.,-9.,20.003000259399));
#4538 = VECTOR('',#4539,1.);
#4539 = DIRECTION('',(-0.967447721043,0.252504006504,-1.693026130785E-02
    ));
#4540 = ORIENTED_EDGE('',*,*,#4460,.F.);
#4541 = ORIENTED_EDGE('',*,*,#379,.F.);
#4542 = PLANE('',#4543);
#4543 = AXIS2_PLACEMENT_3D('',#4544,#4545,#4546);
#4544 = CARTESIAN_POINT('',(12.113969297174,-8.625285867894,
    19.977875873216));
#4545 = DIRECTION('',(-0.,-6.689926731661E-02,-0.997759734622));
#4546 = DIRECTION('',(0.,-0.997759734622,6.689926731661E-02));
#4547 = ADVANCED_FACE('',(#4548),#4558,.T.);
#4548 = FACE_BOUND('',#4549,.T.);
#4549 = EDGE_LOOP('',(#4550,#4551,#4552));
#4550 = ORIENTED_EDGE('',*,*,#2092,.F.);
#4551 = ORIENTED_EDGE('',*,*,#4535,.F.);
#4552 = ORIENTED_EDGE('',*,*,#4553,.T.);
#4553 = EDGE_CURVE('',#357,#2093,#4554,.T.);
#4554 = LINE('',#4555,#4556);
#4555 = CARTESIAN_POINT('',(13.,-9.,20.003000259399));
#4556 = VECTOR('',#4557,1.);
#4557 = DIRECTION('',(-1.,0.,0.));
#4558 = PLANE('',#4559);
#4559 = AXIS2_PLACEMENT_3D('',#4560,#4561,#4562);
#4560 = CARTESIAN_POINT('',(11.886030702826,-8.852713819301,
    19.993124798171));
#4561 = DIRECTION('',(-0.,-6.689926731661E-02,-0.997759734622));
#4562 = DIRECTION('',(0.,-0.997759734622,6.689926731661E-02));
#4563 = ADVANCED_FACE('',(#4564),#4574,.T.);
#4564 = FACE_BOUND('',#4565,.T.);
#4565 = EDGE_LOOP('',(#4566,#4567,#4568));
#4566 = ORIENTED_EDGE('',*,*,#2046,.F.);
#4567 = ORIENTED_EDGE('',*,*,#2661,.F.);
#4568 = ORIENTED_EDGE('',*,*,#4569,.T.);
#4569 = EDGE_CURVE('',#1356,#1761,#4570,.T.);
#4570 = LINE('',#4571,#4572);
#4571 = CARTESIAN_POINT('',(11.,8.,30.));
#4572 = VECTOR('',#4573,1.);
#4573 = DIRECTION('',(0.,-0.695112148632,-0.71890131508));
#4574 = PLANE('',#4575);
#4575 = AXIS2_PLACEMENT_3D('',#4576,#4577,#4578);
#4576 = CARTESIAN_POINT('',(11.,1.367836837929,23.296679624516));
#4577 = DIRECTION('',(-1.,-0.,-0.));
#4578 = DIRECTION('',(0.,0.,-1.));
#4579 = ADVANCED_FACE('',(#4580),#4585,.T.);
#4580 = FACE_BOUND('',#4581,.T.);
#4581 = EDGE_LOOP('',(#4582,#4583,#4584));
#4582 = ORIENTED_EDGE('',*,*,#1355,.F.);
#4583 = ORIENTED_EDGE('',*,*,#1760,.F.);
#4584 = ORIENTED_EDGE('',*,*,#4569,.F.);
#4585 = PLANE('',#4586);
#4586 = AXIS2_PLACEMENT_3D('',#4587,#4588,#4589);
#4587 = CARTESIAN_POINT('',(11.,1.403871757068,23.035649155029));
#4588 = DIRECTION('',(-1.,-0.,-0.));
#4589 = DIRECTION('',(0.,0.,-1.));
#4590 = ADVANCED_FACE('',(#4591),#4601,.T.);
#4591 = FACE_BOUND('',#4592,.T.);
#4592 = EDGE_LOOP('',(#4593,#4594,#4595));
#4593 = ORIENTED_EDGE('',*,*,#3587,.F.);
#4594 = ORIENTED_EDGE('',*,*,#1605,.F.);
#4595 = ORIENTED_EDGE('',*,*,#4596,.T.);
#4596 = EDGE_CURVE('',#1541,#3574,#4597,.T.);
#4597 = LINE('',#4598,#4599);
#4598 = CARTESIAN_POINT('',(13.,-13.00300025939,16.));
#4599 = VECTOR('',#4600,1.);
#4600 = DIRECTION('',(-1.,0.,0.));
#4601 = PLANE('',#4602);
#4602 = AXIS2_PLACEMENT_3D('',#4603,#4604,#4605);
#4603 = CARTESIAN_POINT('',(11.886030880509,-12.99312480015,
    16.147285882076));
#4604 = DIRECTION('',(0.,0.997759726463,-6.689938899219E-02));
#4605 = DIRECTION('',(0.,6.689938899219E-02,0.997759726463));
#4606 = ADVANCED_FACE('',(#4607),#4617,.T.);
#4607 = FACE_BOUND('',#4608,.T.);
#4608 = EDGE_LOOP('',(#4609,#4615,#4616));
#4609 = ORIENTED_EDGE('',*,*,#4610,.T.);
#4610 = EDGE_CURVE('',#327,#2093,#4611,.T.);
#4611 = LINE('',#4612,#4613);
#4612 = CARTESIAN_POINT('',(13.,-9.522000312805,19.968000411987));
#4613 = VECTOR('',#4614,1.);
#4614 = DIRECTION('',(-0.967447721043,0.252504006504,1.693026130785E-02)
  );
#4615 = ORIENTED_EDGE('',*,*,#4553,.F.);
#4616 = ORIENTED_EDGE('',*,*,#365,.F.);
#4617 = PLANE('',#4618);
#4618 = AXIS2_PLACEMENT_3D('',#4619,#4620,#4621);
#4619 = CARTESIAN_POINT('',(12.113969297174,-9.147286180699,
    19.993124798171));
#4620 = DIRECTION('',(-0.,6.689926731661E-02,-0.997759734622));
#4621 = DIRECTION('',(0.,-0.997759734622,-6.689926731661E-02));
#4622 = ADVANCED_FACE('',(#4623),#4633,.T.);
#4623 = FACE_BOUND('',#4624,.T.);
#4624 = EDGE_LOOP('',(#4625,#4626,#4627));
#4625 = ORIENTED_EDGE('',*,*,#2276,.F.);
#4626 = ORIENTED_EDGE('',*,*,#4610,.F.);
#4627 = ORIENTED_EDGE('',*,*,#4628,.T.);
#4628 = EDGE_CURVE('',#327,#2277,#4629,.T.);
#4629 = LINE('',#4630,#4631);
#4630 = CARTESIAN_POINT('',(13.,-9.522000312805,19.968000411987));
#4631 = VECTOR('',#4632,1.);
#4632 = DIRECTION('',(-1.,0.,0.));
#4633 = PLANE('',#4634);
#4634 = AXIS2_PLACEMENT_3D('',#4635,#4636,#4637);
#4635 = CARTESIAN_POINT('',(11.886030702826,-9.374714132106,
    19.977875873216));
#4636 = DIRECTION('',(-0.,6.689926731661E-02,-0.997759734622));
#4637 = DIRECTION('',(0.,-0.997759734622,-6.689926731661E-02));
#4638 = ADVANCED_FACE('',(#4639),#4649,.T.);
#4639 = FACE_BOUND('',#4640,.T.);
#4640 = EDGE_LOOP('',(#4641,#4647,#4648));
#4641 = ORIENTED_EDGE('',*,*,#4642,.T.);
#4642 = EDGE_CURVE('',#1518,#3574,#4643,.T.);
#4643 = LINE('',#4644,#4645);
#4644 = CARTESIAN_POINT('',(13.,-12.96800041198,15.477999687195));
#4645 = VECTOR('',#4646,1.);
#4646 = DIRECTION('',(-0.967447721043,-1.693026130785E-02,0.252504006504
    ));
#4647 = ORIENTED_EDGE('',*,*,#4596,.F.);
#4648 = ORIENTED_EDGE('',*,*,#1540,.F.);
#4649 = PLANE('',#4650);
#4650 = AXIS2_PLACEMENT_3D('',#4651,#4652,#4653);
#4651 = CARTESIAN_POINT('',(12.113969297174,-12.99312479817,
    15.852713819301));
#4652 = DIRECTION('',(0.,0.997759734622,6.689926731661E-02));
#4653 = DIRECTION('',(0.,-6.689926731661E-02,0.997759734622));
#4654 = ADVANCED_FACE('',(#4655),#4665,.T.);
#4655 = FACE_BOUND('',#4656,.T.);
#4656 = EDGE_LOOP('',(#4657,#4658,#4659));
#4657 = ORIENTED_EDGE('',*,*,#3601,.F.);
#4658 = ORIENTED_EDGE('',*,*,#4642,.F.);
#4659 = ORIENTED_EDGE('',*,*,#4660,.T.);
#4660 = EDGE_CURVE('',#1518,#3602,#4661,.T.);
#4661 = LINE('',#4662,#4663);
#4662 = CARTESIAN_POINT('',(13.,-12.96800041198,15.477999687195));
#4663 = VECTOR('',#4664,1.);
#4664 = DIRECTION('',(-1.,0.,0.));
#4665 = PLANE('',#4666);
#4666 = AXIS2_PLACEMENT_3D('',#4667,#4668,#4669);
#4667 = CARTESIAN_POINT('',(11.886030702826,-12.97787587321,
    15.625285867894));
#4668 = DIRECTION('',(0.,0.997759734622,6.689926731661E-02));
#4669 = DIRECTION('',(0.,-6.689926731661E-02,0.997759734622));
#4670 = ADVANCED_FACE('',(#4671),#4681,.T.);
#4671 = FACE_BOUND('',#4672,.T.);
#4672 = EDGE_LOOP('',(#4673,#4679,#4680));
#4673 = ORIENTED_EDGE('',*,*,#4674,.T.);
#4674 = EDGE_CURVE('',#335,#2277,#4675,.T.);
#4675 = LINE('',#4676,#4677);
#4676 = CARTESIAN_POINT('',(13.,-10.03600025177,19.865999221802));
#4677 = VECTOR('',#4678,1.);
#4678 = DIRECTION('',(-0.967346903495,0.248608124677,4.93352677394E-02)
  );
#4679 = ORIENTED_EDGE('',*,*,#4628,.F.);
#4680 = ORIENTED_EDGE('',*,*,#342,.F.);
#4681 = PLANE('',#4682);
#4682 = AXIS2_PLACEMENT_3D('',#4683,#4684,#4685);
#4683 = CARTESIAN_POINT('',(12.114128112034,-9.667055129971,
    19.939214875509));
#4684 = DIRECTION('',(-0.,0.194650189321,-0.980872725585));
#4685 = DIRECTION('',(0.,-0.980872725585,-0.194650189321));
#4686 = ADVANCED_FACE('',(#4687),#4697,.T.);
#4687 = FACE_BOUND('',#4688,.T.);
#4688 = EDGE_LOOP('',(#4689,#4690,#4691));
#4689 = ORIENTED_EDGE('',*,*,#2306,.F.);
#4690 = ORIENTED_EDGE('',*,*,#4674,.F.);
#4691 = ORIENTED_EDGE('',*,*,#4692,.T.);
#4692 = EDGE_CURVE('',#335,#2307,#4693,.T.);
#4693 = LINE('',#4694,#4695);
#4694 = CARTESIAN_POINT('',(13.,-10.03600025177,19.865999221802));
#4695 = VECTOR('',#4696,1.);
#4696 = DIRECTION('',(-1.,0.,0.));
#4697 = PLANE('',#4698);
#4698 = AXIS2_PLACEMENT_3D('',#4699,#4700,#4701);
#4699 = CARTESIAN_POINT('',(11.885871887966,-9.890945434604,
    19.89478475828));
#4700 = DIRECTION('',(-0.,0.194650189321,-0.980872725585));
#4701 = DIRECTION('',(0.,-0.980872725585,-0.194650189321));
#4702 = ADVANCED_FACE('',(#4703),#4708,.T.);
#4703 = FACE_BOUND('',#4704,.T.);
#4704 = EDGE_LOOP('',(#4705,#4706,#4707));
#4705 = ORIENTED_EDGE('',*,*,#2504,.F.);
#4706 = ORIENTED_EDGE('',*,*,#2728,.F.);
#4707 = ORIENTED_EDGE('',*,*,#2668,.F.);
#4708 = PLANE('',#4709);
#4709 = AXIS2_PLACEMENT_3D('',#4710,#4711,#4712);
#4710 = CARTESIAN_POINT('',(11.,1.195943903116,23.795917511751));
#4711 = DIRECTION('',(-1.,-0.,-0.));
#4712 = DIRECTION('',(0.,0.,-1.));
#4713 = ADVANCED_FACE('',(#4714),#4724,.T.);
#4714 = FACE_BOUND('',#4715,.T.);
#4715 = EDGE_LOOP('',(#4716,#4722,#4723));
#4716 = ORIENTED_EDGE('',*,*,#4717,.T.);
#4717 = EDGE_CURVE('',#1495,#3602,#4718,.T.);
#4718 = LINE('',#4719,#4720);
#4719 = CARTESIAN_POINT('',(13.,-12.86600017547,14.96399974823));
#4720 = VECTOR('',#4721,1.);
#4721 = DIRECTION('',(-0.967346925509,-4.933480759515E-02,0.248608130335
    ));
#4722 = ORIENTED_EDGE('',*,*,#4660,.F.);
#4723 = ORIENTED_EDGE('',*,*,#1517,.F.);
#4724 = PLANE('',#4725);
#4725 = AXIS2_PLACEMENT_3D('',#4726,#4727,#4728);
#4726 = CARTESIAN_POINT('',(12.114128077388,-12.93921514576,
    15.332944875702));
#4727 = DIRECTION('',(0.,0.980873073054,0.194648438365));
#4728 = DIRECTION('',(0.,-0.194648438365,0.980873073054));
#4729 = ADVANCED_FACE('',(#4730),#4740,.T.);
#4730 = FACE_BOUND('',#4731,.T.);
#4731 = EDGE_LOOP('',(#4732,#4733,#4734));
#4732 = ORIENTED_EDGE('',*,*,#3629,.F.);
#4733 = ORIENTED_EDGE('',*,*,#4717,.F.);
#4734 = ORIENTED_EDGE('',*,*,#4735,.T.);
#4735 = EDGE_CURVE('',#1495,#3630,#4736,.T.);
#4736 = LINE('',#4737,#4738);
#4737 = CARTESIAN_POINT('',(13.,-12.86600017547,14.96399974823));
#4738 = VECTOR('',#4739,1.);
#4739 = DIRECTION('',(-1.,0.,0.));
#4740 = PLANE('',#4741);
#4741 = AXIS2_PLACEMENT_3D('',#4742,#4743,#4744);
#4742 = CARTESIAN_POINT('',(11.885871922612,-12.89478544169,
    15.109054559723));
#4743 = DIRECTION('',(0.,0.980873073054,0.194648438365));
#4744 = DIRECTION('',(0.,-0.194648438365,0.980873073054));
#4745 = ADVANCED_FACE('',(#4746),#4756,.T.);
#4746 = FACE_BOUND('',#4747,.T.);
#4747 = EDGE_LOOP('',(#4748,#4754,#4755));
#4748 = ORIENTED_EDGE('',*,*,#4749,.T.);
#4749 = EDGE_CURVE('',#305,#2307,#4750,.T.);
#4750 = LINE('',#4751,#4752);
#4751 = CARTESIAN_POINT('',(13.,-10.53199958801,19.697999954224));
#4752 = VECTOR('',#4753,1.);
#4753 = DIRECTION('',(-0.967387763012,0.239911844172,8.126021782502E-02)
  );
#4754 = ORIENTED_EDGE('',*,*,#4692,.F.);
#4755 = ORIENTED_EDGE('',*,*,#1461,.F.);
#4756 = PLANE('',#4757);
#4757 = AXIS2_PLACEMENT_3D('',#4758,#4759,#4760);
#4758 = CARTESIAN_POINT('',(12.114063782241,-10.17596499367,
    19.81859195246));
#4759 = DIRECTION('',(-0.,0.320806164139,-0.947144870149));
#4760 = DIRECTION('',(0.,-0.947144870149,-0.320806164139));
#4761 = ADVANCED_FACE('',(#4762),#4772,.T.);
#4762 = FACE_BOUND('',#4763,.T.);
#4763 = EDGE_LOOP('',(#4764,#4765,#4766));
#4764 = ORIENTED_EDGE('',*,*,#2329,.F.);
#4765 = ORIENTED_EDGE('',*,*,#4749,.F.);
#4766 = ORIENTED_EDGE('',*,*,#4767,.T.);
#4767 = EDGE_CURVE('',#305,#2330,#4768,.T.);
#4768 = LINE('',#4769,#4770);
#4769 = CARTESIAN_POINT('',(13.,-10.53199958801,19.697999954224));
#4770 = VECTOR('',#4771,1.);
#4771 = DIRECTION('',(-1.,0.,0.));
#4772 = PLANE('',#4773);
#4773 = AXIS2_PLACEMENT_3D('',#4774,#4775,#4776);
#4774 = CARTESIAN_POINT('',(11.885936217759,-10.39203484611,
    19.745407223565));
#4775 = DIRECTION('',(-0.,0.320806164139,-0.947144870149));
#4776 = DIRECTION('',(0.,-0.947144870149,-0.320806164139));
#4777 = ADVANCED_FACE('',(#4778),#4788,.T.);
#4778 = FACE_BOUND('',#4779,.T.);
#4779 = EDGE_LOOP('',(#4780,#4786,#4787));
#4780 = ORIENTED_EDGE('',*,*,#4781,.T.);
#4781 = EDGE_CURVE('',#1183,#3630,#4782,.T.);
#4782 = LINE('',#4783,#4784);
#4783 = CARTESIAN_POINT('',(13.,-12.69799995422,14.468000411987));
#4784 = VECTOR('',#4785,1.);
#4785 = DIRECTION('',(-0.96738772675,-8.126067606545E-02,0.239911835179)
  );
#4786 = ORIENTED_EDGE('',*,*,#4735,.F.);
#4787 = ORIENTED_EDGE('',*,*,#1494,.F.);
#4788 = PLANE('',#4789);
#4789 = AXIS2_PLACEMENT_3D('',#4790,#4791,#4792);
#4790 = CARTESIAN_POINT('',(12.114063839353,-12.81859263396,
    14.824034997305));
#4791 = DIRECTION('',(0.,0.947144316805,0.320807797822));
#4792 = DIRECTION('',(0.,-0.320807797822,0.947144316805));
#4793 = ADVANCED_FACE('',(#4794),#4804,.T.);
#4794 = FACE_BOUND('',#4795,.T.);
#4795 = EDGE_LOOP('',(#4796,#4797,#4798));
#4796 = ORIENTED_EDGE('',*,*,#3652,.F.);
#4797 = ORIENTED_EDGE('',*,*,#4781,.F.);
#4798 = ORIENTED_EDGE('',*,*,#4799,.T.);
#4799 = EDGE_CURVE('',#1183,#2254,#4800,.T.);
#4800 = LINE('',#4801,#4802);
#4801 = CARTESIAN_POINT('',(13.,-12.69799995422,14.468000411987));
#4802 = VECTOR('',#4803,1.);
#4803 = DIRECTION('',(-1.,0.,0.));
#4804 = PLANE('',#4805);
#4805 = AXIS2_PLACEMENT_3D('',#4806,#4807,#4808);
#4806 = CARTESIAN_POINT('',(11.885936160647,-12.74540749573,
    14.607965162913));
#4807 = DIRECTION('',(0.,0.947144316805,0.320807797822));
#4808 = DIRECTION('',(0.,-0.320807797822,0.947144316805));
#4809 = ADVANCED_FACE('',(#4810),#4820,.T.);
#4810 = FACE_BOUND('',#4811,.T.);
#4811 = EDGE_LOOP('',(#4812,#4818,#4819));
#4812 = ORIENTED_EDGE('',*,*,#4813,.T.);
#4813 = EDGE_CURVE('',#252,#2330,#4814,.T.);
#4814 = LINE('',#4815,#4816);
#4815 = CARTESIAN_POINT('',(13.,-11.00100040435,19.465999603271));
#4816 = VECTOR('',#4817,1.);
#4817 = DIRECTION('',(-0.96743904968,0.226864852032,0.112223099525));
#4818 = ORIENTED_EDGE('',*,*,#4767,.F.);
#4819 = ORIENTED_EDGE('',*,*,#304,.F.);
#4820 = PLANE('',#4821);
#4821 = AXIS2_PLACEMENT_3D('',#4822,#4823,#4824);
#4822 = CARTESIAN_POINT('',(12.11398296833,-10.6643336176,
    19.632538359621));
#4823 = DIRECTION('',(-0.,0.443387127164,-0.896330215638));
#4824 = DIRECTION('',(0.,-0.896330215638,-0.443387127164));
#4825 = ADVANCED_FACE('',(#4826),#4831,.T.);
#4826 = FACE_BOUND('',#4827,.T.);
#4827 = EDGE_LOOP('',(#4828,#4829,#4830));
#4828 = ORIENTED_EDGE('',*,*,#2352,.F.);
#4829 = ORIENTED_EDGE('',*,*,#4813,.F.);
#4830 = ORIENTED_EDGE('',*,*,#251,.F.);
#4831 = PLANE('',#4832);
#4832 = AXIS2_PLACEMENT_3D('',#4833,#4834,#4835);
#4833 = CARTESIAN_POINT('',(11.88601703167,-10.86866637476,
    19.531461197874));
#4834 = DIRECTION('',(-0.,0.443387127164,-0.896330215638));
#4835 = DIRECTION('',(0.,-0.896330215638,-0.443387127164));
#4836 = ADVANCED_FACE('',(#4837),#4847,.T.);
#4837 = FACE_BOUND('',#4838,.T.);
#4838 = EDGE_LOOP('',(#4839,#4845,#4846));
#4839 = ORIENTED_EDGE('',*,*,#4840,.T.);
#4840 = EDGE_CURVE('',#1181,#2254,#4841,.T.);
#4841 = LINE('',#4842,#4843);
#4842 = CARTESIAN_POINT('',(13.,-12.46599960327,13.998999595642));
#4843 = VECTOR('',#4844,1.);
#4844 = DIRECTION('',(-0.96743904968,-0.112223099525,0.226864852032));
#4845 = ORIENTED_EDGE('',*,*,#4799,.F.);
#4846 = ORIENTED_EDGE('',*,*,#1180,.F.);
#4847 = PLANE('',#4848);
#4848 = AXIS2_PLACEMENT_3D('',#4849,#4850,#4851);
#4849 = CARTESIAN_POINT('',(12.11398296833,-12.63253835962,
    14.335666382397));
#4850 = DIRECTION('',(0.,0.896330215638,0.443387127164));
#4851 = DIRECTION('',(0.,-0.443387127164,0.896330215638));
#4852 = ADVANCED_FACE('',(#4853),#4863,.T.);
#4853 = FACE_BOUND('',#4854,.T.);
#4854 = EDGE_LOOP('',(#4855,#4856,#4857));
#4855 = ORIENTED_EDGE('',*,*,#2261,.F.);
#4856 = ORIENTED_EDGE('',*,*,#4840,.F.);
#4857 = ORIENTED_EDGE('',*,*,#4858,.T.);
#4858 = EDGE_CURVE('',#1181,#1909,#4859,.T.);
#4859 = LINE('',#4860,#4861);
#4860 = CARTESIAN_POINT('',(13.,-12.46599960327,13.998999595642));
#4861 = VECTOR('',#4862,1.);
#4862 = DIRECTION('',(-1.,0.,0.));
#4863 = PLANE('',#4864);
#4864 = AXIS2_PLACEMENT_3D('',#4865,#4866,#4867);
#4865 = CARTESIAN_POINT('',(11.88601703167,-12.53146119787,
    14.131333625232));
#4866 = DIRECTION('',(0.,0.896330215638,0.443387127164));
#4867 = DIRECTION('',(0.,-0.443387127164,0.896330215638));
#4868 = ADVANCED_FACE('',(#4869),#4879,.T.);
#4869 = FACE_BOUND('',#4870,.T.);
#4870 = EDGE_LOOP('',(#4871,#4877,#4878));
#4871 = ORIENTED_EDGE('',*,*,#4872,.T.);
#4872 = EDGE_CURVE('',#1257,#1909,#4873,.T.);
#4873 = LINE('',#4874,#4875);
#4874 = CARTESIAN_POINT('',(13.,-12.17500019073,13.562999725342));
#4875 = VECTOR('',#4876,1.);
#4876 = DIRECTION('',(-0.967326948319,-0.140745786846,0.210877212002));
#4877 = ORIENTED_EDGE('',*,*,#4858,.F.);
#4878 = ORIENTED_EDGE('',*,*,#1264,.F.);
#4879 = PLANE('',#4880);
#4880 = AXIS2_PLACEMENT_3D('',#4881,#4882,#4883);
#4881 = CARTESIAN_POINT('',(12.114159512449,-12.383874374,
    13.875952648582));
#4882 = DIRECTION('',(0.,0.831757126969,0.555139695694));
#4883 = DIRECTION('',(0.,-0.555139695694,0.831757126969));
#4884 = ADVANCED_FACE('',(#4885),#4895,.T.);
#4885 = FACE_BOUND('',#4886,.T.);
#4886 = EDGE_LOOP('',(#4887,#4888,#4889));
#4887 = ORIENTED_EDGE('',*,*,#1908,.F.);
#4888 = ORIENTED_EDGE('',*,*,#4872,.F.);
#4889 = ORIENTED_EDGE('',*,*,#4890,.T.);
#4890 = EDGE_CURVE('',#1257,#1911,#4891,.T.);
#4891 = LINE('',#4892,#4893);
#4892 = CARTESIAN_POINT('',(13.,-12.17500019073,13.562999725342));
#4893 = VECTOR('',#4894,1.);
#4894 = DIRECTION('',(-1.,0.,0.));
#4895 = PLANE('',#4896);
#4896 = AXIS2_PLACEMENT_3D('',#4897,#4898,#4899);
#4897 = CARTESIAN_POINT('',(11.885840487551,-12.25712542,13.686046672401
    ));
#4898 = DIRECTION('',(0.,0.831757126969,0.555139695694));
#4899 = DIRECTION('',(0.,-0.555139695694,0.831757126969));
#4900 = ADVANCED_FACE('',(#4901),#4911,.T.);
#4901 = FACE_BOUND('',#4902,.T.);
#4902 = EDGE_LOOP('',(#4903,#4909,#4910));
#4903 = ORIENTED_EDGE('',*,*,#4904,.T.);
#4904 = EDGE_CURVE('',#219,#1911,#4905,.T.);
#4905 = LINE('',#4906,#4907);
#4906 = CARTESIAN_POINT('',(13.,-11.8299999237,13.170000076294));
#4907 = VECTOR('',#4908,1.);
#4908 = DIRECTION('',(-0.967474366965,-0.166889457473,0.19010854334));
#4909 = ORIENTED_EDGE('',*,*,#4890,.F.);
#4910 = ORIENTED_EDGE('',*,*,#1400,.F.);
#4911 = PLANE('',#4912);
#4912 = AXIS2_PLACEMENT_3D('',#4913,#4914,#4915);
#4913 = CARTESIAN_POINT('',(12.113927274095,-12.07766047556,
    13.452117278123));
#4914 = DIRECTION('',(0.,0.751509048078,0.659722783187));
#4915 = DIRECTION('',(0.,-0.659722783187,0.751509048078));
#4916 = ADVANCED_FACE('',(#4917),#4922,.T.);
#4917 = FACE_BOUND('',#4918,.T.);
#4918 = EDGE_LOOP('',(#4919,#4920,#4921));
#4919 = ORIENTED_EDGE('',*,*,#2474,.F.);
#4920 = ORIENTED_EDGE('',*,*,#4904,.F.);
#4921 = ORIENTED_EDGE('',*,*,#227,.F.);
#4922 = PLANE('',#4923);
#4923 = AXIS2_PLACEMENT_3D('',#4924,#4925,#4926);
#4924 = CARTESIAN_POINT('',(11.886072725905,-11.92733963887,
    13.280882523513));
#4925 = DIRECTION('',(0.,0.751509048078,0.659722783187));
#4926 = DIRECTION('',(0.,-0.659722783187,0.751509048078));
#4927 = ( GEOMETRIC_REPRESENTATION_CONTEXT(3) 
GLOBAL_UNCERTAINTY_ASSIGNED_CONTEXT((#4931)) 
GLOBAL_UNIT_ASSIGNED_CONTEXT((#4928,#4929,#4930)) REPRESENTATION_CONTEXT
('Context #1','3D Context with UNIT and UNCERTAINTY') );
#4928 = ( LENGTH_UNIT() NAMED_UNIT(*) SI_UNIT(.MILLI.,.METRE.) );
#4929 = ( NAMED_UNIT(*) PLANE_ANGLE_UNIT() SI_UNIT($,.RADIAN.) );
#4930 = ( NAMED_UNIT(*) SI_UNIT($,.STERADIAN.) SOLID_ANGLE_UNIT() );
#4931 = UNCERTAINTY_MEASURE_WITH_UNIT(LENGTH_MEASURE(1.E-07),#4928,
  'distance_accuracy_value','confusion accuracy');
#4932 = PRODUCT_RELATED_PRODUCT_CATEGORY('part',$,(#7));
#4933 = MECHANICAL_DESIGN_GEOMETRIC_PRESENTATION_REPRESENTATION('',(
    #4934),#4927);
#4934 = STYLED_ITEM('color',(#4935),#15);
#4935 = PRESENTATION_STYLE_ASSIGNMENT((#4936,#4942));
#4936 = SURFACE_STYLE_USAGE(.BOTH.,#4937);
#4937 = SURFACE_SIDE_STYLE('',(#4938));
#4938 = SURFACE_STYLE_FILL_AREA(#4939);
#4939 = FILL_AREA_STYLE('',(#4940));
#4940 = FILL_AREA_STYLE_COLOUR('',#4941);
#4941 = COLOUR_RGB('',0.447058818107,0.474509808674,0.501960817233);
#4942 = CURVE_STYLE('',#4943,POSITIVE_LENGTH_MEASURE(0.1),#4944);
#4943 = DRAUGHTING_PRE_DEFINED_CURVE_FONT('continuous');
#4944 = COLOUR_RGB('',9.803921802644E-02,9.803921802644E-02,
  9.803921802644E-02);
ENDSEC;
END-ISO-10303-21;
